Foto;Títol;Localització;Informació;Título;Localización;Información;;;;
miraculosa.jpg;Mare de Déu de la Medalla Miraculosa;Altar de la Mare de Déu de la Medalla Miraculosa;La Mare de Déu de la Medalla Miraculosa és una advocació mariana basada en una visió de la Verge Maria que tingué santa Catalina Labouré l’any 1830. La Verge se li aparegué dins d’un oval, dreta sobre un globus terraqüi, i amb anells a les mans dels quals sorgien raigs de llum en direcció al globus que, segons la Verge, representaven les gràcies que vessa sobre les persones que les demanen. L’oval estava emmarcat amb les paraules “Oh, Maria, concebuda sense pecat, pregau per nosaltres que recorrem a Vós”. Després l’oval girà i mostrà un cercle de 12 estrelles i, a l’interior, una lletra “M” a la base d’una creu i els Sagrats Cors de Jesús i Maria davall de la M. La Mare de Déu li encarregà que es fessin medalles amb aquestes imatges. Catalina ho explicà al seu confessor i, després de dos anys observant la vida de la religiosa, aquest ho comunicà al bisbe, que n’aprovà l’emissió. És la coneguda com la “Medalla Miraculosa”, que assolí molt aviat una gran popularitat.// Aquesta escultura, obra, com la resta de l’altar, de l’escultor Guillem Mas (s. XX), mostra la imatge habitual de la Verge a l’anvers de la Medalla Miraculosa: dreta sobre el món envoltat de niguls, amb els braços oberts, dels quals es desprenen raigs de llum i cintes, i amb la invocació mariana que envoltava l’oval gravada en el marc del nínxol.;Nuestra Señora de la Medalla Milagrosa;Altar de Nuestra Señora de la Medalla Milagrosa;La Virgen de la Medalla Milagrosa es una advocación mariana basada en una visión de la Virgen María que tuvo santa Catalina Labouré en 1830. La Virgen se le apareció dentro de un óvalo, de pie sobre un globo terráqueo y con anillos en las manos de los que brotaban rayos de luz dirigidos hacia el globo que, según la propia Virgen, representaban las gracias que derrama sobre las personas que las piden. El óvalo estaba enmarcado por las palabras “Oh María, sin pecado concebida, rogad por nosotros que recurrimos a Vos”. Después, el óvalo giró y mostró un círculo de doce estrellas y, en su interior, una letra “M” en la base de una cruz y los Sagrados Corazones de Jesús y de María bajo la M. La Virgen le encargó que se acuñaran medallas con estas imágenes. Catalina se lo explicó a su confesor y, tras dos años observando la vida de la religiosa, este lo comunicó al obispo, que aprobó su emisión. Es la conocida como “Medalla Milagrosa”, que alcanzó muy pronto una gran popularidad.// Esta escultura, obra, como el resto del altar, del escultor Guillem Mas (s. XX), muestra la imagen habitual de la Virgen en el anverso de la Medalla Milagrosa: de pie sobre el mundo rodeado de nubes, con los brazos abiertos, de los que brotan rayos de luz y cintas, y con la invocación mariana que rodeaba el óvalo grabada en el marco de la hornacina.;;;;
miraculosa1.jpg;Alfons de Ratisbona;Altar de la Mare de Déu de la Medalla Miraculosa;Alfons de Ratisbona (1814-1884) va ser un jueu francès convertit al catolicisme que dedicà la seva vida a l’evangelització dels jueus. Fill d’una família de banquers jueus d’Alsàcia, durant un viatge a Roma l’any 1842 un conegut li regalà una Medalla Miraculosa i li demanà que se la penjàs al coll. Pocs dies després, mentre visitava una basílica, se li aparegué la Mare de Déu de la Medalla Miraculosa. Arran d’aquella visió, es convertí al catolicisme, essent ordenat sacerdot l’any 1847. Juntament amb el seu germà Teodor (que s'havia convertit al catolicisme abans que ell) fundà i impulsà la Congregació de Nostra Senyora de Sion, dedicada a l’apostolat entre els jueus i a l’educació catòlica dels fills de famílies jueves.//Aquest relleu, obra, com la resta de l’altar, de Guillem Mas (s. XX), mostra l’aparició de la Verge Maria a Alfons de Ratisbona. La Verge hi apareix damunt niguls, envoltada de llum i vestida com una Puríssima, amb túnica blanca i mantell blau. La seva postura recorda la de la Verge de la Medalla Miraculosa: dreta, amb els braços oberts i irradiant raigs de llum de les mans cap al convertit. Alfons de Ratisbona hi apareix agenollat als seus peus, vestit elegantment segons la moda del segle XIX, amb el capell i el bastó deixats a terra.;Alfonso de Ratisbona;Altar de Nuestra Señora de la Medalla Milagrosa;Alfonso de Ratisbona (1814-1884) fue un judío francés convertido al catolicismo que dedicó su vida a la evangelización de los judíos. Hijo de una familia de banqueros judíos de Alsacia, durante un viaje a Roma en 1842 un conocido le regaló una Medalla Milagrosa y le pidió que se la colgara al cuello. Pocos días después, mientras visitaba una basílica, se le apareció la Virgen de la Medalla Milagrosa. A raíz de aquella visión, se convirtió al catolicismo, siendo ordenado sacerdote en 1847. Junto con su hermano Teodoro (que se había convertido al catolicismo antes que él), fundó e impulsó la Congregación de Nuestra Señora de Sión, dedicada al apostolado entre los judíos y a la educación católica de los hijos de familias judías.// Este relieve, obra, como el resto del altar, de Guillem Mas (s. XX), muestra la aparición de la Virgen María a Alfonso de Ratisbona. La Virgen aparece sobre nubes, rodeada de luz y vestida como una Inmaculada, con túnica blanca y manto azul. Su postura recuerda la de la Virgen de la Medalla Milagrosa: de pie, con los brazos abiertos e irradiando rayos de luz desde las manos hacia el convertido. Alfonso de Ratisbona aparece arrodillado a sus pies, vestido elegantemente según la moda del siglo XIX, con el sombrero y el bastón depositados en el suelo.;;;;
miraculosa2.jpg;Santa Catalina Labouré ;Altar de la Mare de Déu de la Medalla Miraculosa;Santa Catalina Labouré (1806-1876) va ser una Filla de la Caritat de sant Vicent de Paül a qui la Verge Maria es va aparèixer en diverses ocasions. En una d’elles li encarregà la confecció d’unes medalles basades en la manera com se li havia presentat en aquella visió. Catalina ho explicà al seu confessor. Després de dos anys observant la vida de la religiosa, aquest decidí comunicar-ho al bisbe sense revelar la identitat de Catalina, i el bisbe n’aprovà l’emissió: és la coneguda com la “Medalla Miraculosa”. Santa Catalina visqué la resta de la seva vida en l’anonimat i ningú, fora del seu confessor, no conegué les seves visions ni que era la responsable de la Medalla Miraculosa fins que, uns mesos abans de morir, ho explicà a la seva superiora.// Aquest relleu, obra, com la resta de l’altar, de Guillem Mas (s. XX), descriu la primera aparició de la Verge a santa Catalina Labouré. La nit del 18 de juliol de 1830, vigília de la festivitat de sant Vicent de Paül, la despertà un nin que li demanà que el seguís fins a la capella del convent. Allà la rebé la Verge Maria asseguda en una butaca. La religiosa s’agenollà als seus peus i recolzà les mans en pregària damunt els seus genolls. En aquella ocasió la Verge li donà diversos consells espirituals i li anuncià que més endavant Déu li encarregaria una missió, referint-se a la confecció de la medalla.;Santa Catalina Labouré;Altar de Nuestra Señora de la Medalla Milagrosa;Santa Catalina Labouré (1806-1876) fue una Hija de la Caridad de san Vicente de Paúl a quien la Virgen María se apareció en varias ocasiones. En una de ellas le encargó la confección de unas medallas basadas en la forma en que se le había presentado durante aquella visión. Catalina se lo explicó a su confesor. Después de dos años observando la vida de la religiosa, este decidió comunicarlo al obispo sin revelar la identidad de Catalina, y el obispo aprobó su emisión: es la conocida como la “Medalla Milagrosa”. Santa Catalina vivió el resto de su vida en el anonimato y nadie, salvo su confesor, conoció sus visiones ni que era la responsable de la Medalla Milagrosa hasta que, unos meses antes de morir, se lo explicó a su superiora.// Este relieve, obra, como el resto del altar, de Guillem Mas (s. XX), describe la primera aparición de la Virgen a santa Catalina Labouré. La noche del 18 de julio de 1830, víspera de la festividad de san Vicente de Paúl, la despertó un niño que le pidió que lo siguiera hasta la capilla del convento. Allí la recibió la Virgen María sentada en un sillón. La religiosa se arrodilló a sus pies y apoyó las manos en actitud de oración sobre sus rodillas. En aquella ocasión la Virgen le dio diversos consejos espirituales y le anunció que más adelante Dios le encomendaría una misión, refiriéndose a la confección de la medalla.;;;;
emblema_maria_miraculosa.jpg;Emblema de l’envers de la Medalla Miraculosa;Altar de la Mare de Déu de la Medalla Miraculosa;Aquest emblema és el revers de la Medalla Miraculosa tal com va ser revelada per la Verge Maria a santa Catalina Labouré. El formen una lletra “M” a la base d’una creu i, a sota, el Sagrat Cor de Jesús (rodejat d’espines) i l’Immaculat Cor de Maria (envoltat d’una corona de roses i travessat per una espasa). Tot el conjunt està envoltat per un cercle de dotze estrelles. L’autor de l’altar de la Mare de Déu de la Medalla Miraculosa va ser Guillem Mas (s. XX);Emblema del reverso de la Medalla Milagrosa;Altar de Nuestra Señora de la Medalla Milagrosa;Este emblema es el reverso de la Medalla Milagrosa tal como fue revelada por la Virgen María a santa Catalina Labouré. Está formado por una letra «M» en la base de una cruz y, abajo, el Sagrado Corazón de Jesús (rodeado de espinas) y el Inmaculado Corazón de María (rodeado por una corona de rosas y atravesado por una espada). Todo el conjunto está rodeado por un círculo de doce estrellas. El autor del altar de Nuestra Señora de la Medalla Milagrosa fue Guillem Mas (s. XX).;;;;
amor_divi.jpg;Mare de Déu de l’Amor Hermós;Altar de la Mare de Déu de la Medalla Miraculosa;La Mare de Déu de l’Amor Hermós és una advocació de la Verge Maria que prové del llibre de l’Eclesiàstic (24:18), on la Saviesa divina diu: “Jo som la mare de l’amor hermós”. El seu culte està associat a la celebració del mes de maig com a mes de Maria i va ser impulsat a Espanya per la Cort de Maria, un moviment religiós del segle XIX adreçat principalment a dones joves i fadrines. A Vilafranca es fundà una obreria vinculada a la Cort de Maria l’any 1853.// Aquesta pintura reprodueix el model oficial de la Mare de Déu de l’Amor Hermós difós a mitjan segle XIX per la Cort de Maria en forma d’estampes i litografies, basat en un gravat d’Antonio Pascual. La Verge hi apareix jove i serena, dreta en actitud elegant i majestuosa, seguint l’ideal femení de pietat i puresa promogut per la Cort de Maria. Vesteix com una Puríssima, amb túnica blanca i mantell blau, reforçant aquest ideal femení de devoció mariana. La corona representa el seu paper com a “Reina de tots els sants”, un dels títols que rep la Verge en aquesta advocació. El mantell obert i sostingut per dos angelets simbolitza la protecció que ofereix als seus devots.// Aquesta pintura presidí fins a mitjan segle XX l’actual altar del Sagrat Cor.;Madre del Amor Hermoso;Altar de Nuestra Señora de la Medalla Milagrosa;La Madre del Amor Hermoso es una advocación de la Virgen María que procede del libro del Eclesiástico (24:18), donde la Sabiduría divina dice: «Yo soy la madre del amor hermoso». Su culto está asociado a la celebración del mes de mayo como mes de María y fue impulsado en España por la Corte de María, un movimiento religioso del siglo XIX dirigido principalmente a mujeres jóvenes y solteras. En Vilafranca se fundó una cofradía vinculada a la Corte de María en 1853.// Esta pintura reproduce el modelo oficial de la Madre del Amor Hermoso difundido a mediados del siglo XIX por la Corte de María en forma de estampas y litografías, basado en un grabado de Antonio Pascual. La Virgen aparece joven y serena, de pie, con una actitud elegante y majestuosa, siguiendo el ideal femenino de piedad y pureza promovido por la Corte de María. Viste como una Inmaculada, con túnica blanca y manto azul, reforzando dicho ideal femenino de devoción mariana. La corona representa su papel como “Reina de todos los santos”, uno de los títulos que recibe la Virgen María en esta advocación. El manto abierto y sostenido por dos angelitos simboliza la protección que ofrece a sus devotos.// Esta pintura presidió hasta mediados del siglo XX el actual altar del Sagrado Corazón.;;;;
pietat.jpg;Pietat;Altar de la Pietat;Aquesta escena de la Pietat ens mostra a Jesús mort, acabat de davallar de la creu, sobre la falda de la seva mare, la Verge Maria. Darrere d’ells hi ha la creu de la crucifixió de la qual penja un llençol blanc formant una M, símbol de Maria. En terra hi ha la corona d’espines, que recorda els turments patits per Jesús durant la Passió.;Piedad;Altar de la Piedad;Esta escena de la Piedad nos muestra a Jesús muerto, recién bajado de la cruz, sobre el regazo de su madre, la Virgen María. Detrás de ellos se alza la cruz de la crucifixión, de la que cuelga una sábana blanca formando una M, símbolo de María. En el suelo se encuentra la corona de espinas, que recuerda los tormentos sufridos por Jesús durante la Pasión.;;;;
escut_cinc_llagues.jpg;Escut de les Cinc Llagues;Altar de la Pietat;L’escut de les Cinc Llagues és la representació simbòlica de les ferides que Jesús va patir durant la Passió: les quatre a mans i peus pels claus de la crucifixió, i la del costat produïda per la llança de Longí.;Escudo de las Cinco Llagas;Altar de la Piedad;El escudo de las Cinco Llagas es la representación simbólica de las heridas que Jesús sufrió durante la Pasión: las cuatro de las manos y los pies debidas a los clavos de la crucifixión, y la del costado producida por la lanza de Longinos.;;;;
crismo.jpg;Crismó;Altar de la Pietat;El crismó es un dels símbols cristians més antics. Es tracta d’un monograma compost per les dues primeres lletres majúscules de la paraula “Crist” en grec, superposades: la khi (X) i la rho (P). Als costats hi apareixen la primera i la darrera lletra de l’alfabet grec, alfa (A) i omega (Ω), per recordar que Jesucrist és “l’Alfa i l’Omega, el primer i el darrer, el principi i la fi”.;Crismón;Altar de la Piedad;El crismón es uno de los símbolos cristianos más antiguos. Se trata de un monograma compuesto por las dos primeras letras mayúsculas de la palabra “Cristo” en griego, superpuestas: la ji (X) y la rho (P). A ambos lados aparecen la primera y la última letra del alfabeto griego, alfa (A) y omega (Ω), para recordar que Jesucristo es “el Alfa y la Omega, el primero y el último, el principio y el fin”.;;;;
casa_santa.jpeg;Urna de la Casa Santa;Altar de la Pietat;"La Casa Santa és un altar o monument efímer que es munta entre el Dijous i el Divendres Sant per a la reserva eucarística. Com que el Divendres Sant no se celebra el sagrament de l'Eucaristia com a mostra de dol per la mort de Jesús, el Dijous Sant s'han de consagrar més formes perquè els fidels puguin combregar l'endemà. Les formes reservades per al Divendres es guarden en una urna com aquesta, que es col·loca sobre un altar ornamentat de manera solemne.// L’urna de Vilafranca està decorada amb diversos “emblemes de la Passió”, objectes associats al patiment i la mort de Jesucrist que amb el temps s’han convertit en símbols de devoció cristiana. En concret hi apareixen els següents: l’escala utilitzada durant la crucifixió i el davallament de la creu; la llança amb què el soldat Longí travessà el costat de Jesús; l’espongera amb què li oferiren vinagre per beure; el vel de la Verònica amb la Santa Faç; la columna on Jesús va ser lligat i assotat; el flagell amb què va ser assotat; el martell amb què li clavaren els claus, i les tenalles amb què el desclavaren. A la coberta de l’urna hi ha un anyell jacent que simbolitza Jesucrist, l’Anyell de Déu, sacrificat pels pecats del món. Darrere seu hi apareix una resplendor de rajos que simbolitza la seva glòria divina.";Urna de la Casa Santa;Altar de la Piedad;"La Casa Santa es un altar o monumento efímero que se instala entre el Jueves y el Viernes Santo para la reserva eucarística. Como el Viernes Santo no se celebra el sacramento de la Eucaristía en señal de luto por la muerte de Jesús, el Jueves Santo tienen que consagrarse más formas para que los fieles puedan comulgar al día siguiente. Las formas reservadas para el Viernes Santo se guardan en una urna como esta, que se coloca sobre un altar solemnemente ornamentado.// La urna de Vilafranca está decorada con diversos “emblemas de la Pasión”, objetos asociados al sufrimiento y la muerte de Jesucristo que con el tiempo se han convertido en símbolos de devoción cristiana. En concreto aparecen los siguientes: la escalera utilizada durante la crucifixión y el descendimiento de la cruz; la lanza con la que el soldado Longinos atravesó el costado de Jesús; la esponja con la que le ofrecieron vinagre para beber; el velo de la Verónica con la Santa Faz; la columna donde Jesús fue atado y azotado; el flagelo con el que fue azotado; el martillo con el que le clavaron los clavos, y las tenazas con las que lo desclavaron. En la cubierta de la urna hay un cordero yacente que simboliza a Jesucristo, el Cordero de Dios, sacrificado por los pecados del mundo. Detrás de él aparece un resplandor de rayos que simboliza su gloria divina.";;;;
emblemes_passio_vexila_1.jpg;Emblemes de la Passió;Altar de la Pietat;"Els emblemes de la Passió, o *Arma Christi*, són un conjunt d’objectes associats al patiment i la mort de Jesucrist que amb el temps s’han convertit en símbols de devoció cristiana. Aquesta pintura, que es feia servir, juntament amb la seva parella, com a vexil·la de la Casa Santa, agrupa alguns d’aquests emblemes, la majoria relacionats amb la crucifixió de Crist://
* la creu on Jesús va ser crucificat, amb la inscripció INRI (inicials de *Iesus Nazarenus Rex Iudaeorum*, “Jesús de Natzaret, Rei dels Jueus” en llatí) escrita en un panell a l'extrem superior; aquesta inscripció indicava el motiu de la condemna i simbolitza el rebuig de la reialesa terrenal per part de Jesús;//
* un llençol blanc penjat de la creu, símbol del sudari amb què varen embolicar el cos de Jesús després de baixar-lo de la creu;//
* la corona d’espines que els soldats posaren sobre el cap de Jesús per burlar-se’n proclamant-lo “rei dels jueus”, símbol de sofriment i humiliació;//
* la Verge Maria i sant Joan l’Evangelista al peu de la creu, representant el dolor i la fidelitat dels deixebles de Crist;//
* els tres claus amb què Jesús va ser clavat a la creu, el martell amb què els hi clavaren i les tenalles amb què els desclavaren, que recorden el sofriment de la crucifixió i el sacrifici de Jesús;//
* la llança amb què el soldat Longí travessà el costat de Jesús per confirmar-ne la mort, símbol del sacrifici redemptor de Crist;//
* el vel de la Verònica amb la Santa Faç coronada d’espines, que recorda el sofriment de Crist durant el camí al Calvari i simbolitza la compassió davant el dolor;//
* l’espongera amb què oferiren vinagre a Jesús mentre era a la creu, símbol de la humiliació i el sofriment que patí;//
* els daus amb què els soldats romans es jugaren la roba de Jesús, fet que subratlla la humiliació que patí fins i tot en el moment de la mort;//
* una torxa encesa, semblant a les que portaven els soldats que arrestaren Jesús, i que simbolitza la foscor espiritual provocada pel pecat i la traïció;//
* el sol i la lluna, que fan referència a la foscor que, segons els evangelis, caigué sobre tota la terra durant la crucifixió.";Emblemas de la Pasión;Altar de la Piedad;"Los emblemas de la Pasión, o *Arma Christi*, son un conjunto de objetos asociados al sufrimiento y la muerte de Jesucristo que con el tiempo se han convertido en símbolos de devoción cristiana. Esta pintura, que se usaba, junto con su pareja, como vexilo de la Casa Santa, reúne algunos de estos emblemas, mayoritariamente relacionados con la crucifixión de Cristo://  * la cruz en la que Jesús fue crucificado, con la inscripción INRI (iniciales de *Iesus Nazarenus Rex Iudaeorum*, “Jesús de Nazaret, Rey de los Judíos” en latín) escrita en un panel en el extremo superior; esta inscripción indicaba el motivo de la condena y simboliza el rechazo de la realeza terrenal por parte de Jesús;//  * una sábana blanca colgada de la cruz, símbolo del sudario con el que envolvieron el cuerpo de Jesús después de bajarlo de la cruz;//  * la corona de espinas que los soldados colocaron sobre la cabeza de Jesús para burlarse de él proclamándolo “rey de los judíos”, símbolo de sufrimiento y humillación;//  * la Virgen María y san Juan Evangelista al pie de la cruz, representando el dolor y la fidelidad de los discípulos de Cristo;// * los tres clavos con los que Jesús fue clavado en la cruz, el martillo con el que los clavaron y las tenazas con las que los desclavaron, que recuerdan el sufrimiento de la crucifixión y el sacrificio de Jesús;// * la lanza con la que el soldado Longinos atravesó el costado de Jesús para confirmar su muerte, símbolo del sacrificio redentor de Cristo;// * el velo de la Verónica con la Santa Faz coronada de espinas, que recuerda el sufrimiento de Cristo durante el camino del Calvario y simboliza la compasión ante el dolor;// * la esponja con la que ofrecieron vinagre a Jesús mientras estaba en la cruz, símbolo de la humillación y el sufrimiento que padeció;// * los dados con los que los soldados romanos se jugaron a suertes la ropa de Jesús, lo que subraya la humillación que sufrió incluso en el momento de la muerte;// * una antorcha encendida, semejante a las que llevaban los soldados que arrestaron a Jesús, y que simboliza la oscuridad espiritual provocada por el pecado y la traición;// * el sol y la luna, en referencia a la oscuridad que, según los evangelios, cayó sobre toda la tierra durante la crucifixión.";;;;
emblemes_passio_vexila_2.jpg;Emblemes de la Passió;Altar de la Pietat;"Els emblemes de la Passió, o *Arma Christi*, són un conjunt d’objectes associats al patiment i la mort de Jesucrist que amb el temps s’han convertit en símbols de devoció cristiana. Aquesta pintura, que es feia servir, juntament amb la seva parella, com a vexil·la de la Casa Santa, agrupa alguns d’aquests emblemes, la majoria relacionats amb episodis anteriors o posteriors a la crucifixió://
* la bossa amb les trenta peces de plata pagades a Judes perquè traís Jesús, símbol de l’avarícia i la feblesa humana;//
* una representació de Crist coronat d’espines, símbol del sofriment i les burles que patí durant la Passió;//
* sant Pere pregant i el gall, que ens recorden el moment posterior al prendiment de Jesús en què sant Pere negà tres vegades conèixer Jesús i, en cantar el gall, recordà que Crist ho havia predit i es penedí amargament;//
* l’espasa de sant Pere tallant l’orella de Malcus, servent del Summe Sacerdot, que rememora el moment en què Pere reaccionà violentament durant el prendiment de Jesús a Getsemaní i Jesús el reprengué ordenant-li que guardàs l’espasa a la beina, un episodi que simbolitza la pau i la no violència predicades per Crist;//
* la columna amb cadenes i cordes on Jesús fou lligat i el flagell amb què fou assotat pels soldats romans, símbols del sofriment i la humiliació suportats durant la Passió;//
* una llanterna, un corn i un estendard romà amb l’àguila i les lletres SPQR (inicials de *Senatus Populusque Romanus*, “el Senat i el Poble Romà” en llatí), emblema de l’imperi romà, semblants als que devien portar els soldats que detingueren Jesús;//
* el flascó d’ungüents aromàtics emprats per preparar el cos de Crist abans de l’enterrament, símbol de devoció i respecte envers Jesús després de la mort;//
* un àngel portant la creu i la copa emprada per Jesús al Sant Sopar per instituir el sagrament de l’Eucaristia, que simbolitza la redempció obtinguda mitjançant la sang de Crist vessada per la humanitat.";Emblemas de la Pasión;Altar de la Piedad;"Los emblemas de la Pasión, o *Arma Christi*, son un conjunto de objetos asociados al sufrimiento y la muerte de Jesucristo que con el tiempo se han convertido en símbolos de devoción cristiana. Esta pintura, que se utilizaba, junto con su pareja, como vexilo de la Casa Santa, reúne algunos de estos emblemas, mayoritariamente relacionados con episodios anteriores o posteriores a la crucifixión:// * la bolsa con las treinta monedas de plata pagadas a Judas para que traicionara a Jesús, símbolo de la avaricia y la debilidad humana;// * una representación de Cristo coronado de espinas, símbolo del sufrimiento y las burlas que padeció durante la Pasión;// * san Pedro orando y el gallo, que nos recuerdan el momento posterior al prendimiento de Jesús en el que Pedro negó por tres veces conocer a Jesús y, al cantar el gallo, recordó que Cristo lo había predicho y se arrepintió amargamente;// * la espada de san Pedro cortando la oreja de Malco, siervo del Sumo Sacerdote, que rememora el momento en que Pedro reaccionó violentamente durante el prendimiento de Jesús en Getsemaní y Jesús le reprendió ordenándole que guardara la espada en la vaina, un episodio que simboliza la paz y la no violencia predicadas por Cristo;// * la columna con cadenas y cuerdas donde Jesús fue atado y el flagelo con el que fue azotado por los soldados romanos, símbolos del sufrimiento y la humillación soportados durante la Pasión;// * un farol, un cuerno y un estandarte romano con el águila y las letras SPQR (iniciales de *Senatus Populusque Romanus*, “el Senado y el Pueblo Romano” en latín), emblema del Imperio romano, semejantes a los que debieron llevar los soldados que detuvieron a Jesús;// * el frasco de ungüentos aromáticos utilizados para preparar el cuerpo de Cristo antes del entierro, símbolo de devoción y respeto hacia Jesús después de la muerte;// * un ángel portando una cruz y el cáliz empleado por Jesús en la Última Cena para instituir el sacramento de la Eucaristía, que simboliza la redención obtenida mediante la sangre de Cristo derramada por la humanidad.";;;;
purissima.jpg;Puríssima;Altar de la Puríssima;"La Immaculada Concepció és el dogma de l’Església Catòlica que afirma que la Verge Maria va ser concebuda sense pecat original per la gràcia de Déu, cosa que la preparà per ser la Mare de Déu. Aquest dogma fou proclamat l’any 1854 pel papa Pius IX, després de molts segles de debat teològic. A Mallorca, aquesta advocació de la Verge Maria també és coneguda com la Puríssima.// Aquesta escultura de la Puríssima la representa vestida amb túnica blanca i mantell blau, símbols de puresa i celestialitat, respectivament, i amb les mans sobre el cor en un gest que remarca la seva condició de ""plena de gràcia"", protegint el seu cor pur de qualsevol taca de pecat. L’aureola de dotze estrelles que la corona fa referència al llibre de l’Apocalipsi, on s’anuncia l’aparició d’una dona vestida amb el sol, amb la lluna sota els peus i una corona de dotze estrelles al cap.// L’estructura del retaule és obra de Bernadí Mulet (s. XIX), però es desconeix l’autor de l’escultura.";Purísima;Altar de la Purísima;La Inmaculada Concepción es el dogma de la Iglesia Católica que afirma que la Virgen María fue concebida sin pecado original por la gracia de Dios, lo que la preparó para ser la Madre de Dios. Este dogma fue proclamado en 1854 por el papa Pío IX, después de muchos siglos de debate teológico. En Mallorca, esta advocación de la Virgen María también es conocida como la Purísima.// Esta escultura de la Purísima la representa vestida con túnica blanca y manto azul, símbolos de pureza y celestialidad, respectivamente, y con las manos sobre el corazón en un gesto que subraya su condición de “llena de gracia”, protegiendo su corazón puro de toda mancha de pecado. La aureola de doce estrellas que la corona hace referencia al libro del Apocalipsis, donde se anuncia la aparición de una mujer vestida de sol, con la luna bajo sus pies y una corona de doce estrellas sobre la cabeza.// La estructura del retablo es obra de Bernadí Mulet (s. XIX), pero se desconoce el autor de la escultura.;;;;
sant_francesc_imm.jpg;Sant Francesc d’Assís;Altar de la Puríssima;Sant Francesc d’Assís (1182-1226) és una de les grans figures de l’espiritualitat cristiana i un dels sants més populars. Va néixer a Assís (Itàlia) en una família rica i tengué una jovintut mundana i malbaratadora, però, arran d’una visió mística en què Crist crucificat li encarregà que reparàs la església on es trobava, canvià completament de vida, repartí el seu patrimoni entre els pobres i, segons les seves paraules, “es casà amb donya Pobresa”. Va ser el fundador de l’Orde dels Frares Menors, o Orde Franciscà, una orde de frares humils, mendicants i predicadors. També fundà, amb santa Clara, l’Orde de les Germanes Pobres, conegudes com a clarisses, i un tercer orde, el dels terciaris, per acollir els seglars que volguessin viure segons els seus ideals. Dos anys abans de morir, Crist li imprimí els estigmes a les mans, als peus i al costat, que procurava amagar per humilitat.// En aquesta pintura, el pintor Agustí Buades i Muntaner (s. XIX) el representa de la manera tradicional, com un home jove, amb barbeta i tonsura. Vesteix l’hàbit franciscà amb el cordó amb tres nusos que representen els vots de pobresa, castedat i obediència de l’orde. El color gris de l’hàbit, color de la cendra, va ser el dels hàbits franciscans fins al segle XIX. Mostra a les mans els estigmes que li imprimí Crist. La calavera representa la “germana Mort”, de la qual sant Francesc deia que no l’hem de témer perquè ens obri la porta del Cel. El llibre simbolitza les Escriptures i la predicació evangèlica, fonament de la seva forma de vida.;San Francisco de Asís;Altar de la Purísima;San Francisco de Asís (1182-1226) es una de las grandes figuras de la espiritualidad cristiana y uno de los santos más populares. Nació en Asís (Italia) en el seno de una familia rica y tuvo una juventud mundana y derrochadora, pero, a raíz de una visión mística en la que Cristo crucificado le encargó que reparara la iglesia en la que se encontraba, cambió completamente de vida, repartió su patrimonio entre los pobres y, según sus propias palabras, “se casó con doña Pobreza”. Fue el fundador de la Orden de los Frailes Menores, u Orden Franciscana, una orden de frailes humildes, mendicantes y predicadores. También fundó, junto con santa Clara, la Orden de las Hermanas Pobres, conocidas como clarisas, y una tercera orden, la de los terciarios, para acoger a los seglares que quisieran vivir según sus ideales. Dos años antes de morir, Cristo le imprimió los estigmas en las manos, los pies y el costado, que procuraba ocultar por humildad.// En esta pintura, el pintor Agustí Buades i Muntaner (s. XIX) lo representa de la manera tradicional, como un hombre joven, con barba corta y tonsura. Viste el hábito franciscano con el cordón de tres nudos que representan los votos de pobreza, castidad y obediencia de la orden. El color gris del hábito, color de la ceniza, fue el de los hábitos franciscanos hasta el siglo XIX. Muestra en las manos los estigmas que Cristo le imprimió. La calavera representa a la “hermana Muerte”, de la que san Francisco decía que no debemos temerla porque nos abre la puerta del Cielo. El libro simboliza las Escrituras y la predicación evangélica, fundamento de su forma de vida.;;;;
santa_clara.jpg;Santa Clara;Altar de la Puríssima;Santa Clara d’Assís (1194-1253) va ser la fundadora, juntament amb sant Francesc d’Assís, de l’Orde de les Germanes Pobres, conegudes com a clarisses. Als 18 anys, després d’escoltar predicar sant Francesc, abandonà la seva família noble per consagrar-se a la vida religiosa. Fou la primera dona seguidora del sant i fundà amb ell l’orde de les Clarisses, una comunitat de monges pobres dedicada al treball, l’oració i l’ajuda als necessitats. Redactà la regla de l’orde, convertint-se així en la primera dona autora d’una regla monàstica. La segona meitat de la seva vida patí una malaltia crònica i dolorosa que suportà sense queixar-se ni abandonar les seves tasques. L’any 1958 va ser nomenada patrona de la televisió, arran d’una tradició segons la qual, una nit de Nadal en què la seva malaltia no li permeté assistir a missa, veié i sentí miraculosament la celebració projectada a la paret de la seva habitació.//En aquesta pintura d’Agustí Buades i Muntaner (s. XIX), santa Clara apareix vestida amb l’hàbit de les clarisses: túnica fosca, toca blanca, vel negre i cordó amb nusos a la cintura. La santa sosté una custòdia, el seu atribut iconogràfic més característic. Segons la tradició, quan uns serraïns que invadiren Pisa amenaçaren el convent on vivia, santa Clara sortí a enfrontar-s’hi portant una custòdia amb el Santíssim Sagrament, de la qual emanà una llum fortíssima que va fer fugir espantats els atacants. A diferència de moltes altres representacions, on la santa sosté la custòdia de manera solemne i triomfal, aquí la manté molt a prop del pit i embolicada amb una tela blanca, en una actitud íntima i recollida. Aquest detall reforça la profunda devoció eucarística de la santa i connecta amb la sensibilitat devocional de finals del segle XIX.;Santa Clara;Altar de la Purísima;Santa Clara de Asís (1194-1253) fue la fundadora, junto con san Francisco de Asís, de la Orden de las Hermanas Pobres, conocidas como clarisas. A los 18 años, después de escuchar predicar a san Francisco, abandonó a su familia noble para consagrarse a la vida religiosa. Fue la primera mujer seguidora del santo y fundó con él la Orden de las Clarisas, una comunidad de monjas pobres dedicada al trabajo, la oración y la ayuda a los necesitados. Redactó la regla de la orden, convirtiéndose así en la primera mujer autora de una regla monástica. La segunda mitad de su vida padeció una enfermedad crónica y dolorosa que soportó sin quejarse ni abandonar sus tareas. En 1958 fue nombrada patrona de la televisión, a raíz de una tradición según la cual, una noche de Navidad en la que su enfermedad no le permitió asistir a misa, vio y oyó milagrosamente la celebración proyectada en la pared de su habitación.// En esta pintura de Agustí Buades i Muntaner (s. XIX), santa Clara aparece vestida con el hábito de las clarisas: túnica oscura, toca blanca, velo negro y cordón con nudos a la cintura. La santa sostiene una custodia, su atributo iconográfico más característico. Según la tradición, cuando unos sarracenos que invadieron Pisa amenazaron el convento donde vivía, santa Clara salió a enfrentarse a ellos llevando una custodia con el Santísimo Sacramento, de la que emanó una luz intensísima que hizo huir despavoridos a los atacantes. A diferencia de muchas otras representaciones, donde la santa sostiene la custodia de forma solemne y triunfal, aquí la mantiene muy cerca del pecho y envuelta en una tela blanca, en una actitud íntima y recogida. Este detalle refuerza la profunda devoción eucarística de la santa y conecta con la sensibilidad devocional de finales del siglo XIX.;;;;
sant_joan_baptista.jpg;Sant Joan Baptista;Altar de la Puríssima;"Sant Joan Baptista (s. I) va ser fill d’Isabel, cosina de la Verge Maria, i de Zacaries, a qui l’arcàngel sant Gabriel anuncià el naixement de Joan i revelà que seria el precursor del Messies. Ja d’adult, Joan dugué una vida ascètica al desert, dedicada a predicar el penediment dels pecats i a batejar en el riu Jordà a qui volgués purificar-se dels pecats en preparació per a l’arribada del Regne del Cel. Va ser en aquest context que batejà Jesucrist poc abans que aquest començàs la seva vida pública.// En aquesta pintura d’Agustí Buades i Muntaner (s. XIX), sant Joan hi apareix acompanyat d'un xotet i sostenint una creu llarga feta de canya amb una filactèria on es llegeix “*Ecce Agnus Dei*”. La creu ens recorda que sant Joan coneixia el futur martiri de Jesús, mentre que la canya amb què és feta simbolitza l’austeritat de la seva vida al desert. El xotet i el text de la filactèria fan referència a les seves paraules en el moment de batejar Jesús: ""Aquest és l'anyell de Déu, el qui lleva el pecat del món"".";San Juan Bautista;Altar de la Purísima;San Juan Bautista (s. I) fue hijo de Isabel, prima de la Virgen María, y de Zacarías, a quien el arcángel san Gabriel anunció el nacimiento de Juan y reveló que sería el precursor del Mesías. Ya de adulto, Juan llevó una vida ascética en el desierto, dedicada a predicar el arrepentimiento de los pecados y a bautizar en el río Jordán a quien quisiera purificarse de sus pecados en preparación para la llegada del Reino de los Cielos. Fue en este contexto que bautizó a Jesucristo poco antes de que este iniciara su vida pública.// En esta pintura de Agustí Buades i Muntaner (s. XIX), san Juan aparece acompañado de un cordero y sosteniendo una cruz larga de caña con una filacteria en la que se lee “*Ecce Agnus Dei*”. La cruz nos recuerda que san Juan conocía el futuro martirio de Jesús, mientras que la caña con la que está hecha simboliza la austeridad de su vida en el desierto. El cordero y el texto de la filacteria hacen referencia a las palabras que pronunció en el momento de bautizar a Jesús: “Este es el Cordero de Dios, el que quita el pecado del mundo”.;;;;
santa_apolonia.jpg;Santa Apol·lònia;Altar de la Puríssima;Santa Apol·lònia (s. III) va ser una verge i màrtir. Durant una revolta a Alexandria contra els cristians, va ser detinguda, torturada i finalment cremada a la foguera.// En aquesta pintura, Agustí Buades i Muntaner (s. XIX) la representa sostenint amb una mà les tenalles amb les que la torturaren trencant-li les dents. Amb l’altra mà sosté una palma, la qual, juntament amb la túnica blanca i el mantó vermell, la identifica com a màrtir: la túnica blanca i la palma s’associen usualment als màrtirs, fent referència al passatge de l’Apocalipsi que parla de la multitud dels redimits que portaran vestits blancs i palmes a les mans, mentre que el color vermell simbolitza la sang vessada per la fe.;Santa Apolonia;Altar de la Purísima;Santa Apolonia (s. III) fue una virgen y mártir. Durante una revuelta en Alejandría contra los cristianos, fue detenida, torturada y finalmente quemada en la hoguera.// En esta pintura, Agustí Buades i Muntaner (s. XIX) la representa sosteniendo con una mano las tenazas con las que la torturaron arrancándole los dientes. Con la otra mano sostiene una palma que, junto con la túnica blanca y el manto rojo, la identifica como mártir: la túnica blanca y la palma se asocian usualmente a los mártires, refiriendo al pasaje del Apocalipsis que habla de la multitud de los redimidos que llevarán vestiduras blancas y palmas en las manos, mientras que el color rojo simboliza la sangre derramada por la fe.;;;;
mare_de_deu_dormida.jpg;Mare de Déu morta;Altar de la Puríssima;A Mallorca se celebra des de l’edat mitjana la festa de l’Assumpció de Maria, coneguda popularment com “la Mare de Déu d’Agost”. En aquesta festa es commemoren la “dormició” de la Verge i la seva ascensió al cel en cos i ànima. Per celebrar-ho, és costum que a moltes esglésies es munti un llit monumental on s’exposa la “Mare de Déu morta”, una imatge jacent de la Verge amb les mans unides en actitud de pregària. L’escultura de la Mare de Déu morta de Vilafranca és del segle XX.;Virgen Dormida;Altar de la Purísima;En Mallorca se celebra desde la Edad Media la fiesta de la Asunción de María, conocida popularmente como *la Mare de Déu d’Agost*. En esta festividad se conmemoran la “Dormición” de la Virgen y su ascensión al cielo en cuerpo y alma. Para celebrarlo, es costumbre que en muchas iglesias se instale un lecho monumental donde se expone la “Virgen Difunta”, una imagen yacente de la Virgen con las manos unidas en actitud de oración. La escultura de la Virgen Difunta de Vilafranca es del siglo XX.;;;;
altar_anonim.jpeg;Altar sense retaule;Altar de la Puríssima;Al frontal d’aquest altar sense retaule s'hi veuen una cistella de pa i dos peixos que fan referència al miracle de la multiplicació dels pans i els peixos.;Altar sin retablo;Altar de la Purísima;En el frontal de este altar sin retablo hay la imagen de una cesta de pan y dos peces en referencia al milagro de la multiplicación de los panes y los peces.;;;;
mare_de_deu_del_remei.jpg;La Santíssima Trinitat coronant la Mare de Déu del Remei;Altar de la Santíssima Trinitat;La Mare de Déu del Remei és l’advocació mariana patrona de l’Orde de la Santíssima Trinitat i de la Redempció de Captius, coneguda també com a Orde Trinitària. Com el nom de l’orde indica, els trinitaris es dedicaven principalment a l’alliberament de cristians captius i invocaven la Mare de Déu del Remei com a intercessora per obtenir els fons i l’ajuda necessaris per portar a terme la seva missió.// En aquesta pintura d’Agustí Buades i Muntaner (s. XIX), la Verge apareix vestida de blanc amb una creu blava i vermella al pit, símbol de l’Orde Trinitària. És coronada com a Reina del Cel per la Santíssima Trinitat, element fonamental de l’espiritualitat trinitària. Un dels angelets que l’acompanyen sosté entre les mans la “bossa dels doblers dels captius”, un altre dels símbols de l’Orde Trinitària, que representa els doblers provinents d’almoines i donacions que empraven els trinitaris per rescatar cristians captius. A més dels elements propis de l’advocació trinitària, la pintura incorpora també alguns símbols habituals de la Puríssima: el mantell blau, símbol de celestialitat, la lluna, símbol de puresa, i la serp sotmesa als peus de Maria, símbol del pecat original vençut.// Segons el P. Andreu de Palma, la popularitat entre els vilafranquers de l’Orde Trinitària, a la qual està dedicat aquest altar, es deu a la influència del P. Miquel Mestre, natural de la vila i una figura destacada dels trinitaris mallorquins del segle XVIII. Arribà a ser superior de dos convents a Palma: el de Santa Catalina i el del Sant Esperit (actual Sant Felip Neri);La Santísima Trinidad coronando a la Virgen del Remedio;Altar de la Santísima Trinidad;"La Virgen del Remedio es la advocación mariana patrona de la Orden de la Santísima Trinidad y de la Redención de Cautivos, conocida también como la Orden Trinitaria. Como indica el nombre de la orden, los trinitarios se dedicaban principalmente a la liberación de cristianos cautivos e invocaban a la Virgen del Remedio como intercesora para obtener los fondos y la ayuda necesarios para llevar a cabo su misión.// En esta pintura de Agustí Buades i Muntaner (s. XIX), la Virgen aparece vestida de blanco con una cruz azul y roja sobre el pecho, símbolo de la Orden Trinitaria. Es coronada como Reina del Cielo por la Santísima Trinidad, elemento fundamental de la espiritualidad trinitaria. Uno de los angelitos que la acompañan sostiene en sus manos la “bolsa del dinero de los cautivos”, otro de los símbolos de la Orden Trinitaria, que representa el dinero procedente de limosnas y donaciones que los trinitarios usaban para rescatar a cristianos cautivos. Además de los elementos propios de la advocación trinitaria, la pintura también incorpora algunos símbolos habituales de la Inmaculada: el manto azul, símbolo de celestialidad; la luna, símbolo de pureza; y la serpiente sometida bajo los pies de María, símbolo del pecado original vencido.// Según el P. Andreu de Palma, la popularidad en Vilafranca de la Orden Trinitaria, a la que está dedicado este altar, se debe a la influencia del P. Miquel Mestre, natural de la villa y una figura destacada de los trinitarios mallorquines del siglo XVIII. Llegó a ser superior de dos conventos en Palma: el de Santa Catalina y el del Santo Espíritu (actual San Felipe Neri).";;;;
diners_captius.jpg;Emblema de la bossa dels doblers dels captius;Altar de la Santíssima Trinitat;La bossa dels doblers dels captius és un dels símbols de l'Orde de la Santíssima Trinitat i de la Redempció de Captius, també coneguda com l’Orde Trinitària. Un dels objectius d’aquest orde era l'alliberament dels cristians captius a terres musulmanes pagant aquests rescats amb doblers provinents d'almoines i donacions. Aquesta bossa representa aleshores el recurs econòmic necessari per comprar la llibertat dels cristians captius i simbolitza el compromís econòmic i espiritual dels trinitaris amb ells.// L’altar, en el frontal del qual es troba aquest relleu, és obra de Bernadí Mulet (s. XIX).;Emblema de la bolsa para el rescate de cautivos;Altar de la Santísima Trinidad;La bolsa del dinero de los cautivos es uno de los símbolos de la Orden de la Santísima Trinidad y de la Redención de Cautivos, también conocida como la Orden Trinitaria. Uno de los objetivos de esta orden era la liberación de los cristianos cautivos en tierras musulmanas pagando su rescate con dinero procedente de limosnas y donaciones. Esta bolsa representa, por tanto, el recurso económico necesario para comprar la libertad de los cristianos cautivos y simboliza el compromiso económico y espiritual de los trinitarios con ellos.// El altar, en cuyo frontal se encuentra este relieve, es obra de Bernadí Mulet (s. XIX).;;;;
simbol_trinitaris.jpg;Creu dels trinitaris;Altar de la Santíssima Trinitat;"La creu patent (amb els braços que s'estrenyen en arribar al centre i s'eixamplen en els extrems) vermella i blava és el símbol de l'Orde de la Santíssima Trinitat i de la Redempció de Captius, també coneguda com l’Orde Trinitària. El seu origen és una visió que tingué sant Joan de Mata on va veure Jesús amb una creu vermella i blava al pit i les mans sobre els caps d'un presoner cristià i un de musulmà, i que interpretà com un mandat diví que havia de fundar un ordre dedicat a l'alliberament dels cristians captius a terres musulmanes. Els colors de la creu representen la Santíssima Trinitat, l'element fonamental de l’espiritualitat trinitària: la branca blava representa el Fill i la branca vermella, l'Esperit Sant; usualment el fons és blanc (no és aquest el cas) i representa el Pare. // L’estructura del retaule que inclou aquesta creu a l’àtic és obra de Bernadí Mulet (s. XIX).";Cruz trinitaria;Altar de la Santísima Trinidad;"La cruz patada (con los brazos que se estrechan al llegar al centro y se ensanchan en los extremos) roja y azul es el símbolo de la Orden de la Santísima Trinidad y de la Redención de Cautivos, conocida también como la Orden Trinitaria. Su origen se encuentra en una visión que tuvo san Juan de Mata en la que vio a Jesús con una cruz roja y azul sobre el pecho y las manos sobre las cabezas de un prisionero cristiano y otro musulmán, y que interpretó como un mandato divino de fundar una orden dedicada a la liberación de los cristianos cautivos en tierras musulmanas. Los colores de la cruz representan a la Santísima Trinidad, el elemento fundamental de la espiritualidad trinitaria: el brazo azul representa al Hijo y el brazo rojo, al Espíritu Santo; habitualmente el fondo es blanco (no en este caso) y representa al Padre. // La estructura del retablo que incluye esta cruz en el ático es obra de Bernadí Mulet (s. XIX).";;;;
sant_felix_de_valois.jpg;Sant Fèlix de Valois;Altar de la Santíssima Trinitat;Sant Fèlix de Valois (1127-1212) va ser un anacoreta francès, membre de la casa reial francesa dels Valois, que, segons la tradició, cofundà amb sant Joan de Mata l’Orde de la Santíssima Trinitat i de la Redempció de Captius, coneguda també com a Orde Trinitària. Tanmateix, el seu paper en la fundació de l’orde és objecte de debat i podria ser que els trinitaris haguessin reforçat *a posteriori* el seu paper per relacionar els orígens de l’orde amb la casa dels Valois. Segons la tradició trinitària, Fèlix fou un monjo cistercenc que participà en les croades. En tornar d’aquestes, s’uní a una petita comunitat d’ermitans a Cerfroid, a uns 80 km de París. Allà conegué a Joan de Mata quan aquest s’hi retirà a meditar després d’una visió mística en la que veié un mandat diví de fundar una orde religiosa dedicada al rescat de cristians captius. Tots dos fundaren l’Orde Trinitària i establiren a Cerfroid el primer monestir de l’orde.// En aquesta pintura d’Agustí Buades i Muntaner (s. XIX), sant Fèlix apareix amb barba grisa, un tret habitual en la seva iconografia que ajuda a diferenciar-lo de sant Joan de Mata, representat habitualment més jove. Va vestit amb l’hàbit trinitari: túnica blanca amb la creu blava i vermella al pit, símbol de l’orde, i capa negra. Sosté un bàcul que ens recorda el seu càrrec de superior del monestir de Cerfroid, així com un llibre que representa la regla de l’orde.// El cérvol que l’acompanya rememora una llegenda vinculada als orígens de l’orde, segons la qual un cérvol amb una creu blava i vermella entre les banyes s’aparegué a sant Fèlix i sant Joan. Els dos ermitans el seguiren fins que l’animal s’aturà a beure d’una font, s’hi agenollà davant ells i desaparegué. Interpretaren aquell fet com un signe diví i decidiren fundar en aquell lloc el monestir de Cerfroid. La llegenda explicava també l’origen del topònim Cerfroid a partir de les paraules franceses cerf (“cérvol”) i froid (“fred”), perquè el cérvol s’hauria refrescat a la font. En realitat, però, el nom del lloc ja existia prèviament, i la narració es va elaborar *a posteriori* per donar un origen providencial al monestir.;San Félix de Valois;Altar de la Santísima Trinidad;San Félix de Valois (1127-1212) fue un anacoreta francés, miembro de la casa real francesa de los Valois, que, según la tradición, cofundó junto con san Juan de Mata la Orden de la Santísima Trinidad y de la Redención de Cautivos, conocida también como la Orden Trinitaria. Sin embargo, su papel en la fundación de la orden es objeto de debate y podría ser que los trinitarios hubieran reforzado *a posteriori* su protagonismo para relacionar los orígenes de la orden con la casa de los Valois. Según la tradición trinitaria, Félix fue un monje cisterciense que participó en las cruzadas. Al regresar de ellas, se unió a una pequeña comunidad de ermitaños en Cerfroid, a unos 80 km de París. Allí conoció a Juan de Mata cuando este se retiró a meditar tras una visión mística en la que recibió el mandato divino de fundar una orden religiosa dedicada al rescate de cristianos cautivos. Ambos fundaron la Orden Trinitaria y establecieron en Cerfroid el primer monasterio de la orden.// En esta pintura de Agustí Buades i Muntaner (s. XIX), san Félix aparece con barba canosa, un rasgo habitual en su iconografía que ayuda a diferenciarlo de san Juan de Mata, representado habitualmente más joven. Viste el hábito trinitario: túnica blanca con la cruz azul y roja sobre el pecho, símbolo de la orden, y capa negra. Sostiene un báculo que recuerda su cargo de superior del monasterio de Cerfroid, así como un libro que representa la regla de la orden.// El ciervo que lo acompaña rememora una leyenda vinculada a los orígenes de la orden, según la cual un ciervo con una cruz azul y roja entre las astas se apareció a san Félix y a san Juan. Los dos ermitaños lo siguieron hasta que el animal se detuvo a beber de una fuente, se arrodilló ante ellos y desapareció. Interpretaron aquel hecho como un signo divino y decidieron fundar en aquel lugar el monasterio de Cerfroid. La leyenda explicaba también el origen del topónimo Cerfroid a partir de las palabras francesas cerf (“ciervo”) y froid (“frío”), porque el ciervo se habría refrescado en la fuente. En realidad, sin embargo, el nombre del lugar ya existía previamente, y la narración se elaboró a posteriori para dar un origen providencial al monasterio.;;;;
sant_joan_de_matha.jpg;Sant Joan de Mata;Altar de la Santíssima Trinitat;Sant Joan de Mata (1160-1213) va ser un frare provençal que fundà l’Orde de la Santíssima Trinitat i de la Redempció de Captius, coneguda també com a Orde Trinitària. Fill d'una família noble, va estudiar teologia a París i va ser ordenat sacerdot. Durant la celebració de la seva primera missa, tengué una visió de Jesús vestit de blanc, amb una creu vermella i blava al pit i amb les mans sobre els caps d'un presoner cristià i un de musulmà. Joan la interpretà com un signe diví que havia de fundar una nova orde religiosa dedicada al rescat dels cristians captius en mans de musulmans. Després d'aquella experiència, es va retirar a meditar i resar a Cerfroid, a uns 80 km de París. Segons la tradició trinitària, allà conegué sant Fèlix de Valois i junts hi fundaren l’Orde Trinitària i el primer monestir de l’orde en aquella població, del qual Joan fou el primer superior. Poc després inicià una llarga sèrie de viatges a Tunísia per rescatar-hi cristians captius, deixant a sant Fèlix a càrrec del monestir.//En aquesta pintura d’Agustí Buades i Muntaner (s. XIX), sant Joan hi apareix amb barba fosca, un tret habitual en la seva iconografia que ajuda a diferenciar-lo de sant Fèlix, representat habitualment com un home més vell. Va vestit amb l’hàbit trinitari: túnica blanca amb la creu blava i vermella al pit, símbol de l’orde, i capa negra. Sosté un bàcul en una mà, símbol del seu càrrec de superior del monestir de Cerfroid, i una bossa en l’altra. Es tracta de la bossa dels doblers dels captius, un altre dels símbols de l’Orde Trinitària, que representa els doblers provinents d’almoines i donacions que empraven els trinitaris per rescatar cristians captius. Aquest mateix símbol apareix també al frontal de l’altar.;San Juan de Mata;Altar de la Santísima Trinidad;San Juan de Mata (1160-1213) fue un fraile provenzal que fundó la Orden de la Santísima Trinidad y de la Redención de Cautivos, conocida también como la Orden Trinitaria. Hijo de una familia noble, estudió teología en París y fue ordenado sacerdote. Durante la celebración de su primera misa tuvo una visión de Jesús vestido de blanco, con una cruz roja y azul sobre el pecho y con las manos sobre las cabezas de un prisionero cristiano y otro musulmán. Juan la interpretó como un signo divino de que debía fundar una nueva orden religiosa dedicada al rescate de los cristianos cautivos en manos de musulmanes. Después de aquella experiencia, se retiró a meditar y orar en Cerfroid, a unos 80 km de París. Según la tradición trinitaria, allí conoció a san Félix de Valois y juntos fundaron la Orden Trinitaria y el primer monasterio de la orden en aquella población, del que Juan fue el primer superior. Poco después inició una larga serie de viajes a Túnez para rescatar cristianos cautivos dejando a san Félix a cargo del monasterio.// En esta pintura de Agustí Buades i Muntaner (s. XIX), san Juan aparece con barba oscura, un rasgo habitual en su iconografía que ayuda a diferenciarlo de san Félix, representado habitualmente como un hombre de mayor edad. Viste el hábito trinitario: túnica blanca con la cruz azul y roja sobre el pecho, símbolo de la orden, y capa negra. Sostiene un báculo en una mano, símbolo de su cargo de superior del monasterio de Cerfroid, y una bolsa en la otra. Se trata de la bolsa del dinero de los cautivos, otro de los símbolos de la Orden Trinitaria, que representa el dinero procedente de limosnas y donaciones que los trinitarios empleaban para rescatar cristianos cautivos. Este mismo símbolo aparece también en el frontal del altar.;;;;
sant_sopar.jpg;Sant Sopar;Altar del Sagrari;En el Sant Sopar, Jesús menjà per darrera vegada amb els seus apòstols i instaurà el sagrament de l’Eucaristia. Al davant de l’escultura hi apareix la figura de Jesús sostenint un pa amb una mà i beneint-lo amb l’altra abans de repartir-lo entre els apòstols. A la seva esquena, els apòstols asseguts a la taula. A l’àtic del retaule hi ha representat l’Anyell de Déu: un xotet amb una creu llarga de la qual penja una banderola on es llegeix “*Ecce Agnus Dei*” (“Aquest és l’anyell de Déu” en llatí). En les representacions del Sant Sopar, l’Anyell de Déu simbolitza Jesucrist com a víctima sacrificada pels pecats del món i connecta amb el sopar pasqual jueu, on es menjava xot. Tot l’altar, incloent-hi aquesta escultura del Sant Sopar, és contemporani de la darrera ampliació de l’església i obra de l’escultor Miquel Vadell (s. XX).;Última Cena;Altar del Sagrario;En la Última Cena, Jesús comió por última vez con sus apóstoles e instituyó el sacramento de la Eucaristía. En la parte delantera de la escultura aparece la figura de Jesús sosteniendo un pan con una mano y bendiciéndolo con la otra antes de repartirlo entre los apóstoles. A su espalda, los apóstoles sentados a la mesa.// En el ático del retablo está representado el Cordero de Dios: un cordero con una cruz larga de la que cuelga una banderola en la que se lee “*Ecce Agnus Dei*” (“Este es el Cordero de Dios” en latín). En las representaciones de la Última Cena, el Cordero de Dios simboliza a Jesucristo como víctima sacrificada por los pecados del mundo y conecta con la cena pascual judía, en la que se comía cordero. Todo el altar, incluida esta escultura de la Última Cena, es contemporáneo de la última ampliación de la iglesia y obra del escultor Miquel Vadell (s. XX).;;;;
sagrari_2.jpg;Sagrari;Altar del Sagrari;Aquest sagrari és el punt focal de l’altar del Sagrari. A la porta hi ha un xotet que simbolitza l’Anyell de Déu i representa Jesucrist com a víctima sacrificada pels pecats del món. A la part baixa del sagrari hi ha escrites en vermell les paraules en llatí que pronuncien els capellans per consagrar el pa i el vi eucarístics. Com la resta del conjunt de l’altar, aquest sagrari és contemporani de la darrera ampliació de l’església i obra de l’escultor Miquel Vadell (s. XX).;Sagrario;Altar del Sagrario;Este sagrario es el punto focal del altar del Sagrario. En la puerta aparece un cordero que simboliza al Cordero de Dios y representa a Jesucristo como víctima sacrificada por los pecados del mundo. En la parte inferior del sagrario están escritas en rojo las palabras en latín que pronuncian los sacerdotes para consagrar el pan y el vino eucarísticos. Como el resto del conjunto del altar, este sagrario es contemporáneo de la última ampliación de la iglesia y obra del escultor Miquel Vadell (s. XX).;;;;
sant_francesc_i_santa_clara.jpg;Sant Francesc d’Assís i santa Clara;Altar del Sagrari;Aquest quadre representa dos dels sants franciscans més importants. A l’esquerra hi apareix sant Francesc d’Assís (1182-1226). La seva família era rica i ell tengué una jovintut mundana i malbaratadora, però, arran d’una visió mística de Crist crucificat, canvià completament de vida, repartí el seu patrimoni entre els pobres i va fer vot de pobresa. Dos anys abans de morir, Crist li imprimí els estigmes, que procurava amagar per humilitat. Va ser el fundador de l’Orde dels Frares Menors, o Orde Franciscà, una comunitat de frares humils, mendicants i predicadors.// A la dreta hi apareix santa Clara d’Assís (1194-1253). La seva família era noble però ella, als 18 anys i després d’escoltar predicar sant Francesc, abandonà la seva família i es convertí en la primera dona seguidora del sant. Fundà amb ell l’Orde de les Germanes Pobres, conegudes com a clarisses, una comunitat de monges pobres dedicada al treball, l’oració i l’ajuda als necessitats, i redactà la regla de l’orde, convertint-se així en la primera dona autora d’una regla monàstica.// En aquesta pintura, sant Francesc és representat de la manera tradicional, com un home jove, amb barbeta i tonsura. Vesteix l’hàbit franciscà amb el cordó amb tres nusos que representen els vots de pobresa, castedat i obediència de l'orde. El color marró de l'hàbit és el que es generalitzà al segle XIX. Mostra a les mans els estigmes que li imprimí Crist. El crucifix que contempla al cel fa referència a la visió mística del Crist crucificat que el portà a la vida religiosa.// Santa Clara hi apareix vestida amb l’hàbit de les clarisses: túnica fosca, toca blanca, vel negre i cordó a la cintura. El bàcul abacial la identifica com a abadessa. La santa sosté amb les dues mans una custòdia, el seu atribut iconogràfic més característic. Segons la tradició, quan uns serraïns amenaçaren el convent on vivia, santa Clara sortí a enfrontar-s’hi portant una custòdia amb el Santíssim Sagrament, de la qual emanà una llum fortíssima que va fer fugir espantats els atacants. ;San Francisco de Asís y santa Clara;Altar del Sagrario;Esta pintura representa a dos de los santos franciscanos más importantes. A la izquierda aparece san Francisco de Asís (1182-1226). Su familia era familia rica y él tuvo una juventud mundana y derrochadora, pero, a raíz de una visión mística de Cristo crucificado, cambió completamente de vida, repartió su patrimonio entre los pobres e hizo voto de pobreza. Dos años antes de morir, Cristo le imprimió los estigmas, que procuraba ocultar por humildad. Fue el fundador de la Orden de los Frailes Menores, u Orden Franciscana, una comunidad de frailes humildes, mendicantes y predicadores.// A la derecha aparece santa Clara de Asís (1194-1253). Su familia era noble pero ella, a los 18 años y después de escuchar predicar a san Francisco, abandonó a su familia y se convirtió en la primera mujer seguidora del santo. Fundó con él la Orden de las Hermanas Pobres, conocidas como clarisas, una comunidad de monjas pobres dedicada al trabajo, la oración y la ayuda a los necesitados, y redactó la regla de la orden, convirtiéndose así en la primera mujer autora de una regla monástica.// En esta pintura, san Francisco es representado de la manera tradicional, como un hombre joven, con barba corta y tonsura. Viste el hábito franciscano con el cordón de tres nudos que representan los votos de pobreza, castidad y obediencia de la orden. El color marrón del hábito es el que se generalizó en el siglo XIX. Muestra en las manos los estigmas que Cristo le imprimió. El crucifijo que contempla en el cielo hace referencia a la visión mística de Cristo crucificado que lo llevó a la vida religiosa.// Santa Clara aparece vestida con el hábito de las clarisas: túnica oscura, toca blanca, velo negro y cordón a la cintura. El báculo abacial la identifica como abadesa. La santa sostiene con ambas manos una custodia, su atributo iconográfico más característico. Según la tradición, cuando unos sarracenos amenazaron el convento donde vivía, santa Clara salió a enfrentarse a ellos llevando una custodia con el Santísimo Sacramento, de la que emanó una luz intensísima que hizo huir despavoridos a los atacantes.;;;;
sor_francinaina_cirer_sagrari.jpeg;Beata Sor Francinaina Cirer;Altar del Sagrari;La beata Francinaina Cirer i Carbonell (1781-1855) va ser una religiosa sencellera. Filla d'una família pagesa, des de jove sentí una forta vocació religiosa, però son pare no li donà permís per ingressar en un convent. A la mort de son pare l'any 1821, reuní a casa seva una petita comunitat de dones dedicades a la pregària i a l'assistència dels pobres i malalts. L'any 1851, juntament amb les seves companyes, professà els vots de les Germanes de la Caritat, rebé l'hàbit religiós i fundà a ca seva una Casa de la Caritat dedicada a l'assistència dels malalts, a l'educació de les nines i a l'ensenyament de la doctrina cristiana. Sor Francinaina Cirer és venerada a tot Mallorca pels nombrosos miracles que s'atribueixen a la seva intercessió.//En aquest quadre, inspirat en el retrat que s'exposa a la seva casa natal de Sencelles, apareix anciana i vestida amb l'hàbit amb què tradicionalment se la representa: vestit i toca negres i pitet blanc.;Beata Sor Francinaina Cirer;Altar del Sagrario;La beata Francinaina Cirer i Carbonell (1781-1855) fue una religiosa de Sencelles. Hija de una familia campesina, desde joven sintió una fuerte vocación religiosa, pero su padre no le dio permiso para ingresar en un convento. A la muerte de su padre, en 1821, reunió en su casa a una pequeña comunidad de mujeres dedicadas a la oración y a la asistencia de los pobres y enfermos. En 1851, junto con sus compañeras, profesó los votos de las Hermanas de la Caridad, recibió el hábito religioso y fundó en su propia casa una Casa de la Caridad dedicada a la asistencia de los enfermos, a la educación de las niñas y a la enseñanza de la doctrina cristiana. Sor Francinaina Cirer es venerada en toda Mallorca por los numerosos milagros que se atribuyen a su intercesión.// En este cuadro, inspirado en el retrato que se expone en su casa natal de Sencelles, aparece anciana y vestida con el hábito con el que tradicionalmente se la representa: vestido y toca negros y pechera blanca.;;;;
sagrat_cor_de_jesus.jpg;Sagrat Cor de Jesús;Altar del Sagrat Cor;"El Sagrat Cor de Jesús simbolitza l’amor i la misericòrdia de Jesús per la humanitat, expressats en un cor que crema d’amor. En aquesta escultura apareix representat sobre el pit de Jesús amb els seus elements més característics: envoltat per una corona d’espines, com a recordatori de la Passió; en flames, símbol de l’amor ardent de Jesús per la humanitat; amb una ferida, que evoca la que li infligí el centurió Longí amb una llança, i coronat amb una creu que recorda el seu sacrifici. Jesús assenyala el seu cor amb la mà esquerra mentre beneeix els fidels amb la mà dreta. A totes dues mans mostra les ferides que li deixaren els claus en ser clavat a la creu.// Aquesta escultura va ser un donatiu del pare Jaume Rosselló, General dels Pares Missioners dels Sagrats Cors de Jesús i Maria i fill il·lustre de la vila. El retaule del Sagrat Cor que conté aquesta escultura és de mitjan segle XX.";Sagrado Corazón de Jesús;Altar del Sagrado Corazón;"El Sagrado Corazón de Jesús simboliza el amor y la misericordia de Jesús hacia la humanidad, expresados en un corazón que arde de amor. En esta escultura aparece representado sobre el pecho de Jesús con sus elementos más característicos: rodeado por una corona de espinas, como recuerdo de la Pasión; en llamas, símbolo del amor ardiente de Jesús por la humanidad; con una herida, que evoca la que le infligió el centurión Longinos con una lanza; y coronado por una cruz que recuerda su sacrificio. Jesús señala su corazón con la mano izquierda mientras bendice a los fieles con la derecha. En ambas manos muestra las heridas que dejaron los clavos al ser clavado en la cruz.// Esta escultura fue un donativo del padre Jaume Rosselló, General de los Padres Misioneros de los Sagrados Corazones de Jesús y María e hijo ilustre de la villa. El retablo del Sagrado Corazón que alberga esta escultura es de mediados del siglo XX.";;;;
sagrat_cor_de_maria.jpg;Immaculat Cor de Maria;Altar del Sagrat Cor;L’Immaculat Cor de Maria simbolitza l’amor de la Verge per Déu i per tota la humanitat. En aquesta pintura apareix representat damunt del pit de la Verge amb dos dels seus elements més característics: envoltat d’una corona de roses blanques, en referència al rosari, que simbolitza la puresa i les virtuts de Maria, i coronat amb flames, que representen l’amor ardent de la Verge envers Déu i la humanitat. Aquesta pintura, com la resta del retaule, és de mitjan segle XX.;Inmaculado Corazón de María;Altar del Sagrado Corazón;El Inmaculado Corazón de María simboliza el amor de la Virgen hacia Dios y hacia toda la humanidad. En esta pintura aparece representado sobre el pecho de la Virgen con dos de sus elementos más característicos: rodeado por una corona de rosas blancas, en referencia al rosario, que simboliza la pureza y las virtudes de María, y coronado por llamas, que representan el amor ardiente de la Virgen hacia Dios y la humanidad. Esta pintura, como el resto del retablo, es de mediados del siglo XX.;;;;
santa_gertrudis_magna.jpg;Santa Gertrudis la Gran;Altar del Sagrat Cor;Santa Gertrudis la Gran (1256-1302) va ser una teòloga alemanya i una de les místiques més importants del segle XIII. Als deu anys ingressà en el convent de Santa Maria d’Helfta. A partir dels vint-i-cinc anys va tenir un seguit de visions místiques que difongué a través de diversos tractats espirituals. A causa d’algunes d’aquestes visions i escrits, se la considera una de les iniciadores de la devoció al Sagrat Cor, que presentava com l’expressió de l’amor de Déu pels homes i refugi dels pecadors. Per exemple, en una de les seves visions, reclinà el cap sobre el pit de Jesús i escoltà el batec del seu cor. En aquell moment, sant Joan l’Evangelista li revelà que ell també l’havia sentit quan reclinà el cap sobre el pit de Jesús durant el Sant Sopar, però que no ho havia contat a l’evangeli perquè la devoció al Sagrat Cor havia estat reservada per a temps futurs, quan el món necessitàs recuperar l’amor diví.// En aquesta pintura vesteix l’hàbit de les monges benedictines: negre, amb toca blanca de pit de vorera rodona i vel negre. Tanmateix, l’orde a la qual pertanyia és objecte de discussió, ja que tant els benedictins com els cistercencs reclamen la possessió del convent de Santa Maria d’Helfta en el segle XIII. En una mà sosté un bàcul d’abadessa. Aquesta representació és molt habitual, però en realitat mai no va ser abadessa. La confusió es deu al fet que una altra santa del mateix nom, santa Gertrudis de Hackeborn, sí que va ser abadessa del seu convent.;Santa Gertrudis la Magna;Altar del Sagrado Corazón;Santa Gertrudis la Magna (1256-1302) fue una teóloga alemana y una de las místicas más importantes del siglo XIII. A los diez años ingresó en el convento de Santa María de Helfta. A partir de los veinticinco años tuvo una serie de visiones místicas que difundió a través de diversos tratados espirituales. A causa de algunas de estas visiones y escritos, se la considera una de las iniciadoras de la devoción al Sagrado Corazón, que presentaba como la expresión del amor de Dios hacia los hombres y refugio de los pecadores. Por ejemplo, en una de sus visiones, reclinó la cabeza sobre el pecho de Jesús y escuchó los latidos de su corazón. En aquel momento, san Juan Evangelista le reveló que él también los había oído cuando reclinó la cabeza sobre el pecho de Jesús durante la Última Cena, pero que no lo había contado en el evangelio porque la devoción al Sagrado Corazón había sido reservada para cuando el mundo necesitara recuperar el amor divino.// En esta pintura santa Gertrudis viste el hábito de las monjas benedictinas: negro, con toca blanca de peto de borde redondeado y velo negro. Sin embargo, la orden a la que pertenecía es objeto de discusión, ya que tanto los benedictinos como los cistercienses reclaman la posesión del convento de Santa María de Helfta en el siglo XIII. En una mano sostiene un báculo abacial. Esta representación es muy habitual, pero en realidad nunca fue abadesa. La confusión se debe a que otra santa del mismo nombre, santa Gertrudis de Hackeborn, sí fue abadesa de su convento.;;;;
santa_margalida_d'alacoque.jpg;Santa Margalida Alacoque;Altar del Sagrat Cor;Santa Margalida Alacoque (1647-1690) va ser una monja i mística francesa que impulsà la devoció al Sagrat Cor de Jesús. De ben petita ja demostrà una gran religiositat i, malgrat l’oposició de la seva família, l’any 1671 ingressà en un convent de l’Orde de la Visitació. A partir de 1673 va tenir un seguit d’aparicions de Jesús. En una d’elles, Crist li mostrà el seu Cor envoltat de flames, amb una corona d’espines i una ferida d’on manava sang, i coronat amb una creu que sorgia del seu interior, i li demanà que estengués la devoció al Sagrat Cor i que se li dedicàs com a festa el divendres de la setmana següent a la del Corpus. En una altra aparició, Crist li inspirà la pràctica de l’Hora Santa.// En aquesta pintura la santa vesteix l’hàbit de les visitandines: negre, amb toca blanca de pit de vorera quadrada i vel negre, i una petita creu pectoral. Habitualment se la representa sostenint un Sagrat Cor, però aquí contempla amb adoració el Sagrat Cor del carrer central del retaule.;Santa Margarita María de Alacoque;Altar del Sagrado Corazón;Santa Margarita María de Alacoque (1647-1690) fue una monja y mística francesa que impulsó la devoción al Sagrado Corazón de Jesús. Desde muy pequeña demostró una gran religiosidad y, pese a la oposición de su familia, en 1671 ingresó en un convento de la Orden de la Visitación. A partir de 1673 tuvo una serie de apariciones de Jesús. En una de ellas, Cristo le mostró su Corazón rodeado de llamas, con una corona de espinas y una herida de la que manaba sangre, y coronado por una cruz que surgía de su interior, y le pidió que extendiera la devoción al Sagrado Corazón y que se le dedicara como fiesta el viernes de la semana siguiente a la del Corpus. En otra aparición, Cristo le inspiró la práctica de la Hora Santa.// En esta pintura la santa viste el hábito de las visitandinas: negro, con toca blanca de peto de borde cuadrado y velo negro, y una pequeña cruz pectoral. Habitualmente se la representa sosteniendo un Sagrado Corazón, pero aquí contempla con adoración el Sagrado Corazón de la calle central del retablo.;;;;
sagrat_cor_de_maria_2.jpg;Immaculat Cor de Maria;Altar del Sagrat Cor;"L’Immaculat Cor de Maria simbolitza l’amor de la Verge per Déu i per tota la humanitat. Aquí se'l representa amb els seus elements més característics: envoltat d’una corona de roses, en referència al rosari, que simbolitza la puresa i les virtuts de Maria; travessat per una espasa, en record de la profecia del vell Simeó, qui va anunciar a Maria que una espasa travessaria la seva ànima, referint-se als dolors i patiments que patiria al costat del seu fill, i coronat amb flames, que representen l’amor ardent de la Verge envers Déu i la humanitat. D’entre aquestes flames sorgeix un lliri blanc, símbol de la virginitat de Maria. El retaule del Sagrat Cor que conté aquest dibuix és de mitjan segle XX.";Inmaculado Corazón de María;Altar del Sagrado Corazón;"El Inmaculado Corazón de María simboliza el amor de la Virgen hacia Dios y hacia toda la humanidad. Aquí aparece representado con sus elementos más característicos: rodeado por una corona de rosas, en referencia al rosario, que simboliza la pureza y las virtudes de María; atravesado por una espada, en recuerdo de la profecía del anciano Simeón, quien anunció a María que una espada atravesaría su alma, refiriéndose a los dolores y sufrimientos que padecería junto a su Hijo; y coronado por llamas, que representan el amor ardiente de la Virgen hacia Dios y la humanidad. De entre estas llamas surge un lirio blanco, símbolo de la virginidad de María. El retablo del Sagrado Corazón que contiene este dibujo es de mediados del siglo XX.";;;;
escut_vila_sc.jpg;Escut de Vilafranca;Altar del Sagrat Cor;L’escut de Vilafranca de Bonany, adoptat en el moment de la creació del municipi l’any 1813, estava format per una torre emmarcada per un templet. La torre fa referència a aquella on santa Bàrbara, patrona de la vila, va ser empresonada pel seu pare.;Escudo de Vilafranca;Altar del Sagrado Corazón;El escudo de Vilafranca de Bonany, adoptado con motivo de la creación del municipio en el año 1813, estaba formado por una torre enmarcada por un templete. La torre hace referencia a aquella en la que santa Bárbara, patrona de la villa, fue encarcelada por su padre.;;;;
pila_baptismal_nova.jpg;Pila baptismal;Baptisteri;"Pila baptismal del 1906 que substituí la pila baptismal antiga, de 1685, que es pot veure al costat del portal principal. Va ser dissenyada per Joan Miquel Sureda i Verí, marquès de Vivot i senyor de Sant Martí (qui també va ser l’autor del projecte de la façana actual de l’església de Santa Eulàlia de Palma) i tallada en marbre groc de Canyamel per Antoni Rotger. La corona una imatge de l’Anyell de Déu, en referència a les paraules pronunciades per sant Joan Baptista en el moment de batejar Jesús: ""Aquest és l'anyell de Déu, el qui lleva el pecat del món”. La banderola amb una creu llatina vermella sobre fons blanc que l’acompanya és el símbol del triomf de Jesús sobre la mort i el pecat original.";Pila bautismal;Baptisterio;Pila bautismal de 1906 que sustituyó a la antigua pila bautismal, de 1685, que puede verse junto al portal principal. Fue diseñada por Joan Miquel Sureda i Verí, marqués de Vivot y señor de Sant Martí (autor del proyecto de la actual fachada de la iglesia de Santa Eulàlia de Palma) y tallada en mármol amarillo de Canyamel por Antoni Rotger. La corona una imagen del Cordero de Dios, en referencia a las palabras pronunciadas por san Juan Bautista en el momento de bautizar a Jesús: “Este es el Cordero de Dios, el que quita el pecado del mundo”. La banderola con una cruz latina roja sobre fondo blanco que lo acompaña es el símbolo del triunfo de Jesús sobre la muerte y el pecado original.;;;;
sant_joan_babtista_babtisteri.jpg;Baptisme de Jesús;Baptisteri;"Sant Joan Baptista (s. I) va ser fill d’Isabel, cosina de la Verge Maria, i de Zacaries, a qui l’arcàngel sant Gabriel anuncià el naixement de Joan i revelà que seria el precursor del Messies. Ja d’adult, Joan dugué una vida ascètica al desert, dedicada a predicar el penediment dels pecats i a batejar en el riu Jordà a qui volgués purificar-se dels pecats en preparació per a l’arribada del Regne del Cel. Va ser en aquest context que batejà Jesucrist poc abans que aquest començàs la seva vida pública.// Aquest vitrall representa el baptisme de Jesús per sant Joan Baptista al riu Jordà. Jesús hi apareix dret dins l’aigua, mentre Joan li n’aboca sobre el cap amb una copinya. Joan sosté una creu llarga feta de canya que ens recorda que coneixia el futur martiri de Jesús; la canya amb què és feta simbolitza l’austeritat de la vida de sant Joan al desert. A la part superior de l’escena hi apareix l’Esperit Sant en forma de colom, seguint la narració que fa l’evangeli de sant Lluc d’aquest episodi.//A la part inferior del vitrall s’hi observen les armes heràldiques de les famílies Sureda (a l’esquerra) i Fortuny (a la dreta), els llinatges dels marquesos de Vivot, Joan Miquel Sureda i Bàrbara Fortuny, que finançaren l’obra del nou baptisteri construït l’any 1907.";Bautismo de Jesús;Baptisterio;"San Juan Bautista (s. I) fue hijo de Isabel, prima de la Virgen María, y de Zacarías, a quien el arcángel san Gabriel anunció el nacimiento de Juan y reveló que sería el precursor del Mesías. Ya de adulto, Juan llevó una vida ascética en el desierto, dedicada a predicar el arrepentimiento de los pecados y a bautizar en el río Jordán a quien quisiera purificarse de sus pecados en preparación para la llegada del Reino de los Cielos. Fue en este contexto que bautizó a Jesucristo poco antes de que este iniciara su vida pública.// Esta vidriera representa el bautismo de Jesús por san Juan Bautista en el río Jordán. Jesús aparece de pie dentro del agua, mientras Juan le vierte agua sobre la cabeza con una concha. Juan sostiene una cruz larga de caña que nos recuerda que conocía el futuro martirio de Jesús; la caña con la que está hecha simboliza la austeridad de la vida de san Juan en el desierto. En la parte superior de la escena aparece el Espíritu Santo en forma de paloma, siguiendo la narración que hace el evangelio de san Lucas de este episodio.// En la parte inferior de la vidriera se observan las armas heráldicas de las familias Sureda (a la izquierda) y Fortuny (a la derecha), los apellidos de los marqueses de Vivot, Joan Miquel Sureda y Bàrbara Fortuny, que financiaron la construcción del nuevo baptisterio en 1907.";;;;
creu_baptisteri.jpg;Fragment de creu gòtica;Baptisteri;Fragment d'una antiga creu monumental gòtica que presidí la plaça Major de Vilafranca. A la part frontal s'hi veuen imatges del Sant Crist a la creu, santa Bàrbara sostenint una torre, el sol i la lluna. Al darrere hi ha una imatge de sant Martí a cavall, una alzina (un “surer”, signe heràldic de la família Sureda) i unes porcions de cotó, signe heràldic de la família Cotoner.;Fragmento de cruz gótica;Baptisterio;Fragmento de una antigua cruz monumental gótica que presidía la plaza Mayor de Vilafranca. En la cara frontal aparecen imágenes del Santo Cristo en la cruz, santa Bárbara sosteniendo una torre, el sol y la luna. En la cara posterior hay una imagen de san Martín a caballo, una encina (un *“surer”*, en catalán, emblema heráldico de la familia Sureda) y unas motas de algodón (*cotó*, en catalán), emblema heráldico de la familia Cotoner.;;;;
mare_de_deu_de_lluc.jpg;Mare de Déu de Lluc;Capella de la Mare de Déu de Lluc;Aquesta escultura és una còpia exacta de la imatge de la Mare de Déu de Lluc que presideix el cambril del santuari de Lluc.;Virgen de Lluc;Capilla de la Virgen de Lluc;Esta escultura es una copia exacta de la imagen de la Virgen de Lluc que preside el camarín del santuario de Lluc.;;;;
monestir_lluc.jpg;Monestir de Lluc;Capella de la Mare de Déu de Lluc;Vista del santuari de Lluc, cor espiritual de Mallorca.;Monasterio de Lluc;Capilla de la Virgen de Lluc;Vista del santuario de Lluc, corazón espiritual de Mallorca.;;;;
trobada_lluc.jpg;Trobada de la Mare de Déu de Lluc;Capella de la Mare de Déu de Lluc;Segons conta la llegenda, devers l’any 1254, poc després de la conquesta de Mallorca pel rei En Jaume I, un al·lot musulmà convertit al cristianisme, i que en el baptisme havia rebut el nom de Lluc, pasturava les ovelles per l’alqueria musulmana d’Arlluch. Cada dissabte, el pastoret veia uns resplendors celestials que sorgien d’unes penyes, acompanyats d’una música harmoniosa. Ho contà a un monjo cistercenc que vivia a l’església d’Escorca, i el dissabte següent tots dos acudiren plegats al lloc dels fets.//Seguint els resplendors, trobaren dins una coveta una talla de la Mare de Déu morena i petita. La traslladaren a Escorca, però la imatge tornà miraculosament al lloc on havia estat trobada. El prodigi es repetí diverses vegades fins que entengueren que la Mare de Déu volia ser venerada al lloc on havia estat trobada i s’hi aixecà una capella on la guardaren.//El nom de la Verge s’ha relacionat tradicionalment tant amb el del pastoret com amb el de l’alqueria on fou trobada la talla, i també amb la paraula llatina *lucus*, que significa “bosc sagrat”.;Hallazgo de la Virgen de Lluc;Capilla de la Virgen de Lluc;Según cuenta la leyenda, hacia el año 1254, poco después de la conquista de Mallorca por el rey Jaime I, un niño musulmán convertido al cristianismo, que en el bautismo había recibido el nombre de Lluc, apacentaba las ovejas en la alquería musulmana de Arlluch. Cada sábado, el pastorcillo veía unos resplandores celestiales que surgían de unas peñas, acompañados de una música armoniosa. Se lo contó a un monje cisterciense que vivía en la iglesia de Escorca, y el sábado siguiente ambos acudieron juntos al lugar de los hechos.// Siguiendo los resplandores, encontraron dentro de una pequeña cueva una imagen de la Virgen morena y de pequeño tamaño. La trasladaron a Escorca, pero la imagen regresó milagrosamente al lugar donde había sido hallada. El prodigio se repitió varias veces hasta que comprendieron que la Virgen quería ser venerada en el lugar donde había sido encontrada y allí se levantó una capilla donde la custodiaron.// El nombre de la Virgen se ha relacionado tradicionalmente tanto con el del pastorcillo como con el de la alquería donde fue hallada la imagen, y también con la palabra latina *lucus*, que significa “bosque sagrado”.;;;;
anagrama_maria_nsl_1.jpg;Monograma de Maria;Capella de la Mare de Déu de Lluc;Monograma de Maria, format per les inicials entrellaçades d’“Ave Maria” i una corona. Es repeteix l’àtic del retaule.;Monograma de María;Capilla de la Virgen de Lluc;Monograma de María, formado por las iniciales entrelazadas de “Ave María” y una corona. Se repite en el ático del retablo.;;;;
anagrama_maria_nsl_2.jpg;Monograma de Maria;Capella de la Mare de Déu de Lluc;Monograma de Maria, format per les inicials entrellaçades d’“Ave Maria” i una corona. Es repeteix al frontal de l’altar.;Monograma de María;Capilla de la Virgen de Lluc;Monograma de María, formado por las iniciales entrelazadas de “Ave María” y una corona. Se repite en el frontal del altar.;;;;
escut_vila_lluc.jpg;Escut de Vilafranca;Capella de la Mare de Déu de Lluc;La torre de l’escut de Vilafranca de Bonany, que representa la torre on santa Bàrbara, patrona de la vila, va ser empresonada pel seu pare.;Escudo de Vilafranca;Capilla de la Virgen de Lluc;La torre del escudo de Vilafranca de Bonany, que representa la torre donde santa Bárbara, patrona de la villa, fue encarcelada por su padre.;;;;
verge_del_carme.jpg;Mare de Déu del Carme i les ànimes;Capella de la Mare de Déu del Carme;"La Mare de Déu del Carme és una de les advocacions de la Mare de Déu més antigues i populars. El seu nom prové del Mont Carmel (situat a prop de Haifa, Israel), on un grup d'ermitans fundaren en el segle XII una comunitat religiosa i dedicaren la seva església a la Mare de Déu. D'aquella comunitat va sorgir l'Orde dels Frares de la Santíssima Verge Maria del Mont Carmel, també coneguda com Orde del Carme, els membres de la qual estengueren per Europa el culte a la seva patrona.// Aquesta pintura de la Mare de Déu del Carme segueix la seva iconografia habitual. La Verge hi apareix vestida amb l’hàbit carmelita, format per túnica marró i mantell clar. Envoltats d’àngels, Maria i el Nin Jesús ofereixen escapularis a unes figures humanes que pateixen entre flames i alcen la mirada cap a ella esperant ser salvades. Per la presència d’aquestes figures humanes entre flames, aquesta capella és també coneguda com la capella de les Ànimes.
L’escena fa referència a les dues aparicions que popularitzaren la devoció a la Mare de Déu del Carme durant els segles XIII i XIV. Segons la tradició, en una aparició a sant Simó Stock la Verge li oferí un escapulari i li prometé que aquells que el portassin en morir se salvarien del foc etern. Més endavant, en una aparició al futur papa Joan XXII, li prometé que cada dissabte acudiria al purgatori a rescatar les ànimes dels qui haguessin mort portant l’escapulari.//
La motllura de guix en baix relleu d’estil rococó és obra de l’escultor italià Antonio Soldati (s. XVIII). És l’única que es conserva de les cinc que va esculpir per a l’església de Vilafranca.";Virgen del Carmen y las Ánimas;Capilla de la Virgen del Carmen;La Virgen del Carmen es una de las advocaciones de la Virgen María más antiguas y populares. Su nombre procede del monte Carmelo (situado cerca de Haifa, Israel), donde un grupo de ermitaños fundó en el siglo XII una comunidad religiosa y dedicó su iglesia a la Virgen María. De aquella comunidad surgió la Orden de los Hermanos de la Bienaventurada Virgen María del Monte Carmelo, también conocida como Orden del Carmen, cuyos miembros extendieron por Europa el culto a su patrona.// Esta pintura de la Virgen del Carmen sigue su iconografía habitual. La Virgen aparece vestida con el hábito carmelita, formado por túnica marrón y manto claro. Rodeados de ángeles, María y el Niño Jesús ofrecen escapularios a unas figuras humanas que sufren entre llamas y alzan la mirada hacia ella esperando ser salvadas. Por la presencia de estas figuras humanas entre llamas, esta capilla es también conocida como la capilla de las Ánimas.// La escena hace referencia a las dos apariciones que popularizaron la devoción a la Virgen del Carmen durante los siglos XIII y XIV. Según la tradición, en una aparición a san Simón Stock la Virgen le ofreció un escapulario y le prometió que quienes lo llevaran al morir se salvarían del fuego eterno. Más adelante, en una aparición al futuro papa Juan XXII, le prometió que cada sábado acudiría al purgatorio para rescatar las almas de quienes hubieran muerto llevando el escapulario.// La moldura de yeso en bajorrelieve de estilo rococó es obra del escultor italiano Antonio Soldati (s. XVIII). Es la única que se conserva de las cinco que esculpió para la iglesia de Vilafranca.;Capella de la Mare de Déu del Carme;;;
escut_el_carme.jpg;Escut del Carme;Capella de la Mare de Déu del Carme;"L’escut de l’Orde del Carme està format per un puig coronat amb una creu que representa el mont Carmel (situat a prop de Haifa, Israel), lloc d’origen de l’orde; tres estrelles de sis puntes, interpretades habitualment com una referència a la Verge Maria, la central, i als profetes Elies i Eliseu, les laterals, i una corona, que simbolitza el Regne de Déu.";Escudo del Carmen;Capilla de la Virgen del Carmen;"El escudo de la Orden del Carmen está formado por un monte coronado por una cruz que representa el monte Carmelo (situado cerca de Haifa, Israel), lugar de origen de la orden; tres estrellas de seis puntas, interpretadas habitualmente como una referencia a la Virgen María, la central, y a los profetas Elías y Eliseo, las laterales; y una corona, que simboliza el Reino de Dios.";;;;
immaculada_animes.jpg;Puríssima;Capella de la Mare de Déu del Carme;La Immaculada Concepció és el dogma de l’Església Catòlica que afirma que la Verge Maria va ser concebuda sense pecat original per la gràcia de Déu, cosa que la preparà per ser la Mare de Déu. Aquest dogma fou proclamat l’any 1854 pel papa Pius IX, després de molts segles de debat teològic. A Mallorca, aquesta advocació de la Verge Maria també és coneguda com la Puríssima.// Aquesta tela de la Puríssima, que s'emprava com a guardapols de l'escultura de la Puríssima al seu altar, la representa vestida amb túnica blanca i mantell blau, símbols de puresa i celestialitat, respectivament. La mà dreta sobre el pit expressa la seva humil acceptació de la voluntat divina. El nimbe al voltant del cap i la lluna als peus fan referència al llibre de l’Apocalipsi, on s’anuncia l’aparició d’una dona vestida amb el sol, amb la lluna sota els peus i una corona de dotze estrelles al cap.;Purísima;Capilla de la Virgen del Carmen;La Inmaculada Concepción es el dogma de la Iglesia Católica que afirma que la Virgen María fue concebida sin pecado original por la gracia de Dios, lo que la preparó para ser la Madre de Dios. Este dogma fue proclamado en el año 1854 por el papa Pío IX, después de muchos siglos de debate teológico. En Mallorca, esta advocación de la Virgen María también es conocida como la Purísima.// Este lienzo de la Purísima, que se utilizaba como guardapolvo de la escultura de la Purísima en su altar, la representa vestida con túnica blanca y manto azul, símbolos de pureza y celestialidad, respectivamente. La mano derecha sobre el pecho expresa su humilde aceptación de la voluntad divina. El nimbo alrededor de la cabeza y la luna a sus pies hacen referencia al libro del Apocalipsis, donde se anuncia la aparición de una mujer vestida de sol, con la luna bajo sus pies y una corona de doce estrellas sobre la cabeza.;;;;
mare_de_deu_del_roser.jpg;Mare de Déu del Roser;Capella de la Mare de Déu del Roser;La Mare de Déu del Roser és una de les diverses advocacions de la Verge Maria. El seu nom prové de la paraula “roser”, derivada del llatí medieval *rosarium*, que en català medieval tant es referia a la planta que produeix les roses com al rosari. Fins a finals del segle XVI el seu culte es limità principalment a l’orde dominic, però es difongué àmpliament després de la victòria a la batalla de Lepant (1571), que el papa Pius V va atribuir a la seva intercessió.// Aquesta escultura ens presenta la Mare de Déu del Roser en la forma habitual: dreta, vestida amb túnica marró (color de la terra, que simbolitza la humanitat de Maria) i mantell blau (color del cel, que simbolitza la seva vinculació celestial), amb el Nin Jesús sobre el braç esquerre i oferint un rosari amb la mà dreta. Aquest gest recorda la tradició segons la qual la Verge entregà a sant Domènec de Guzman el rosari com a eina de predicació contra els heretges albigesos.;Virgen del Rosario;Capilla de la Virgen del Rosario;La Virgen del Rosario es una de las diferentes advocaciones de la Virgen María. Su nombre procede de la palabra *rosarium*, que en latín medieval significaba corona o jardín de rosas. Hasta finales del siglo XVI su culto se limitó principalmente a la orden dominica, pero se difundió ampliamente después de la victoria en la batalla de Lepanto (1571), que el papa Pío V atribuyó a su intercesión.// Esta escultura nos presenta a la Virgen del Rosario en su forma habitual: de pie, vestida con túnica marrón (color de la tierra, que simboliza la humanidad de María) y manto azul (color del cielo, que simboliza su vinculación celestial), con el Niño Jesús sobre el brazo izquierdo y ofreciendo un rosario con la mano derecha. Este gesto recuerda la tradición según la cual la Virgen entregó a santo Domingo de Guzmán el rosario como instrumento de predicación contra los herejes albigenses.;;;;
sta_catalina_de_siena.jpg;Santa Catalina de Siena;Capella de la Mare de Déu del Roser;Santa Catalina de Siena (1347-1380) va ser una de les grans místiques del seu temps i una destacada escriptora i predicadora, mèrits pels quals va ser nomenada Doctora de l’Església. Als 18 anys ingressà en una comunitat de terciàries dominiques, és a dir, de dones que seguien la regla de l’Orde dels dominics sense ser monges de clausura. Durant anys visqué pràcticament reclosa, portant una vida de penitència i sacrifici dedicada a la pregària i al dejuni, fins que, arran d’una visió mística, començà a dedicar-se activament a tenir cura dels malalts. En una visió posterior, Jesús li encarregà treballar per la pau i partir de llavors, dugué a terme una intensa activitat pública. Entre altres intervencions, convencé el papa Gregori XI perquè retornàs la seu papal d’Avinyó a Roma.// En aquesta pintura vesteix hàbit blanc amb capa i vel negres, propi de les terciàries dominiques. Porta una corona d’espines en record d’una visió en què Crist li donà a triar entre una corona d’or i una d’espines, i naturalment ella trià aquesta darrera. Amb les mans sosté un lliri blanc i un crucifix, com a símbol de l'equilibri entre la seva puresa virginal i el seu fervent amor per Crist. El llibre obert als seus peus simbolitza la seva saviesa espiritual, i la calavera recorda les moltes hores que passà meditant sobre la brevetat de la vida terrenal. També pot fer referència a la llegenda segons la qual els sienesos, volent recuperar el cos de la santa enterrat a Roma, n’agafaren el cap i se l’endugueren dins una bossa. Quan uns guàrdies els detingueren i registraren la bossa, la trobaren plena de pètals de rosa i els deixaren marxar. En arribar a Siena, el cap tornava a ser dins la bossa, i avui en dia s’exposa a l’església de San Domenico.;Santa Catalina de Siena;Capilla de la Virgen del Rosario;Santa Catalina de Siena (1347-1380) fue una de las grandes místicas de su tiempo y una destacada escritora y predicadora, méritos por los que fue nombrada Doctora de la Iglesia. A los 18 años ingresó en una comunidad de terciarias dominicas, es decir, de mujeres que seguían la regla de la Orden de los Dominicos sin ser monjas de clausura. Durante años vivió prácticamente recluida, llevando una vida de penitencia y sacrificio dedicada a la oración y al ayuno, hasta que, a raíz de una visión mística, comenzó a dedicarse activamente al cuidado de los enfermos. En una visión posterior, Jesús le encomendó trabajar por la paz y a partir de entonces desarrolló una intensa actividad pública. Entre otras intervenciones, convenció al papa Gregorio XI para que trasladara la sede papal de Aviñón a Roma.// En esta pintura viste el hábito blanco con capa y velo negros, propio de las terciarias dominicas. Lleva una corona de espinas en recuerdo de una visión en la que Cristo le dio a elegir entre una corona de oro y otra de espinas, y naturalmente ella eligió esta última. Con las manos sostiene un lirio blanco y un crucifijo, como símbolo del equilibrio entre su pureza virginal y su ferviente amor por Cristo. El libro abierto a sus pies simboliza su sabiduría espiritual, y la calavera recuerda las muchas horas que pasó meditando sobre la brevedad de la vida terrenal. También puede hacer referencia a la leyenda según la cual los sieneses, deseando recuperar el cuerpo de la santa enterrado en Roma, tomaron su cabeza y se la llevaron dentro de una bolsa. Cuando unos guardias los detuvieron y registraron la bolsa, la encontraron llena de pétalos de rosa y los dejaron marchar. Al llegar a Siena, la cabeza volvía a estar dentro de la bolsa y hoy en día se expone en la iglesia de San Domenico.;;;;
sant_domenec_de_guzman.jpg;Sant Domènec de Guzman;Capella de la Mare de Déu del Roser;"Sant Domènec de Guzman (1170-1221) va ser el fundador de l’Orde dels Frares Predicadors, també coneguts com a dominics. Amb fama de gran predicador, el papa l’envià a combatre l’heretgia albigesa. Per convèncer els albigesos, combinà la predicació amb l’adopció d’una vida de pobresa que l’acostàs al seu mode de vida auster. Després de la croada contra els albigesos, fundà l’Orde dels dominics, dedicada a predicar contra les heretgies. La seva fama de miracler va fer que aquest orde cresqués molt ràpidament.// En aquesta pintura, sant Domènec vesteix l’hàbit dels dominics, blanc amb capa negra. Amb la mà dreta subjecta un lliri blanc, símbol de castedat, i un bastó coronat per una doble creu: es tracta de la *creu patriarcal* que l’identifica com a *patriarca* d’una gran orde religiosa. Amb la mà esquerra sosté un llibre i un rosari. El llibre simbolitza la seva missió predicadora i també ens recorda la llegenda segons la qual, durant la seva predicació entre els albigesos, escrigué en un llibre els seus arguments contra ells i els demostrà que eren correctes llançant el llibre al foc i comprovant que no es cremava. Pel que fa al rosari, és objecte d’una especial devoció entre els dominics. Segons la tradició, la Verge Maria aparegué a sant Domènec mentre pregava per obtenir la conversió dels albigesos i li entregà un rosari com a eina de predicació; arran d’aquesta tradició, els dominics contribuïren decisivament a estendre el rés del rosari a tota l’Eglésia Catòlica.// El sant té una estrella damunt del cap que simbolitza la llum de la veritat i fa referència a la llegenda segons la qual, durant el seu baptisme, la seva padrina de fonts va veure una estrella brillant sobre el seu front; això s’interpretà com un senyal que el nadó estava destinat a treure el món de les tenebres mitjançant la predicació. Al costat del sant hi ha un ca amb una torxa encesa a la boca i recolzat sobre un globus terraqüi. Aquesta figura fa referència a un somni que tengué la seva mare mentre estava embarassada d’ell, en què veié sortir del seu ventre un ca com aquest. La mare acudí a sant Domènec de Silos perquè li interpretàs el somni, i aquest li anuncià que el fill que esperava encendria el foc de Jesús per tot el món mitjançant la predicació. Precisament, segons la tradició, va ser en honor de sant Domènec de Silos que posaren aquest nom al nin.";Santo Domingo de Guzmán;Capilla de la Virgen del Rosario;"Santo Domingo de Guzmán (1170-1221) fue el fundador de la Orden de los Frailes Predicadores, también conocidos como dominicos. Famoso por su gran capacidad de predicación, el papa lo envió a combatir la herejía albigense. Para convencer a los albigenses, combinó la predicación con la adopción de una vida de pobreza que lo acercara a su austero modo de vida. Después de la cruzada contra los albigenses, fundó la Orden de los Dominicos, dedicada a predicar contra las herejías. Su fama de taumaturgo hizo que esta orden creciera muy rápidamente.// En esta pintura, santo Domingo viste el hábito de los dominicos, blanco con capa negra. Con la mano derecha sostiene un lirio blanco, símbolo de castidad, y un bastón rematado por una doble cruz: se trata de la cruz patriarcal, que lo identifica como patriarca de una gran orden religiosa. Con la mano izquierda sostiene un libro y un rosario. El libro simboliza su misión predicadora y también nos recuerda la leyenda según la cual, durante su predicación entre los albigenses, escribió en un libro sus argumentos contra ellos y demostró que eran correctos arrojando el libro al fuego y comprobando que no se quemaba. En cuanto al rosario, es objeto de una especial devoción entre los dominicos. Según la tradición, la Virgen María se apareció a santo Domingo mientras oraba para obtener la conversión de los albigenses y le entregó un rosario como instrumento de predicación; a raíz de esta tradición, los dominicos contribuyeron decisivamente a extender el rezo del rosario por toda la Iglesia Católica.// El santo lleva una estrella sobre la cabeza que simboliza la luz de la verdad y hace referencia a la leyenda según la cual, durante su bautismo, su madrina vio una estrella brillante sobre su frente; esto se interpretó como una señal de que el niño estaba destinado a sacar al mundo de las tinieblas mediante la predicación. Junto al santo aparece un perro con una antorcha encendida en la boca, apoyado sobre un globo terráqueo. Esta figura hace referencia a un sueño que tuvo su madre mientras estaba embarazada de él, en el que vio salir de su vientre un perro como este. La madre acudió a santo Domingo de Silos para que le interpretara el sueño, y este le anunció que el hijo que esperaba encendería el fuego de Jesús por todo el mundo mediante la predicación. Precisamente, según la tradición, fue en honor de santo Domingo de Silos por lo que dieron este nombre al niño.";;;;
sant_marcal.jpg;Sant Marçal;Capella de la Mare de Déu del Roser;"L’únic que sabem del cert de sant Marçal és que va viure al segle III i va ser el primer bisbe de Llemotges. La resta de les històries que es conten sobre ell són llegendes, i la majoria clarament incompatibles amb el segle en què visqué: per exemple, que va ser deixeble de sant Pere; que aquest li donà una vara amb la qual ressuscitava els morts; que va ser servent del Sant Sopar, o que va ser el jove que dugué a Jesús els pans i els peixos perquè Jesús els multiplicàs. Gràcies a totes aquestes llegendes, sant Marçal gaudí d’una gran popularitat arreu d’Europa a partir de l’edat mitjana.// En aquesta escultura vesteix de bisbe, amb mitra, bàcul, anell, estola i llibre litúrgic.";San Marcial;Capilla de la Virgen del Rosario;"Lo único que sabemos con certeza de san Marcial es que vivió en el siglo III y fue el primer obispo de Limoges. El resto de las historias que se cuentan sobre él son leyendas, y la mayoría claramente incompatibles con el siglo en que vivió: por ejemplo, que fue discípulo de san Pedro; que este le dio una vara con la que resucitaba a los muertos; que fue servidor de la Última Cena; o que fue el muchacho que llevó a Jesús los panes y los peces para que este los multiplicara. Gracias a todas estas leyendas, san Marcial gozó de una gran popularidad en toda Europa a partir de la Edad Media.// En esta escultura viste como obispo, con mitra, báculo, anillo, estola y libro litúrgico.";;;;
sant_pius_v.jpg;Sant Pius V;Capella de la Mare de Déu del Roser;"Sant Pius V (1504-1572), nascut Antonio Ghislieri, va ser papa de l’Església catòlica. Ingressà a l’orde dels dominics als catorze anys i, després d’ocupar diversos càrrecs eclesiàstics rellevants, inclòs el de Gran Inquisidor, va ser escollit papa l’any 1566. Com a pontífex, inicià l’aplicació de les directrius del Concili de Trent, inclosa la reforma de la litúrgia, i promogué la Contrareforma contra els protestants.// Als darrers anys de la seva vida impulsà la constitució de la Lliga Santa per lluitar contra els otomans. Les armades de la Lliga Santa i de l’Imperi Otomà s’enfrontaren a la batalla de Lepant el 7 d’octubre de 1571, festivitat de la Mare de Déu del Roser, amb victòria dels cristians. Pius V atribuïa aquesta victòria a la intercessió de la Mare de Déu del Roser, titular d’aquesta capella, a qui havia resat el rosari aquell mateix dia. Això suposà un gran impuls al rés del rosari, devoció que ell mateix havia oficialitzat en una butlla de l’any 1569.// En aquesta pintura, Pius V porta la tiara que l’identifica com a papa. Davall la vestidura papal duu l’hàbit blanc dels dominics: segons la tradició, va ser a partir d’ell que els papes començaren a vestir de blanc. Porta també un rosari a la mà, que ens recorda la seva especial devoció al rosari; el color negre del rosari és el característic dels dominics. La bandera amb el crucifix recorda l’estendard de la Lliga Santa, tot i que originalment aquest era de damasc blau: el color blanc en representacions com aquesta sol simbolitzar la puresa de l’Església i del mateix Pius V.";San Pío V;Capilla de la Virgen del Rosario;"San Pío V (1504-1572), nacido Antonio Ghislieri, fue papa de la Iglesia Católica. Ingresó en la Orden de los Dominicos a los catorce años y, tras ocupar diversos cargos eclesiásticos de relevancia, incluido el de Gran Inquisidor, fue elegido papa en 1566. Como pontífice, inició la aplicación de las directrices del Concilio de Trento, incluida la reforma de la liturgia, y promovió la Contrarreforma contra los protestantes.// En los últimos años de su vida impulsó la constitución de la Liga Santa para luchar contra los otomanos. Las armadas de la Liga Santa y del Imperio Otomano se enfrentaron en la batalla de Lepanto el 7 de octubre de 1571, festividad de la Virgen del Rosario, con victoria de los cristianos. Pío V atribuía esta victoria a la intercesión de la Virgen del Rosario, titular de esta capilla, a quien había rezado el rosario aquel mismo día. Ello supuso un gran impulso al rezo del rosario, devoción que él mismo había oficializado en una bula del año 1569.// En esta pintura, Pío V lleva la tiara que lo identifica como papa. Bajo la vestidura papal viste el hábito blanco de los dominicos: según la tradición, fue a partir de él cuando los papas comenzaron a vestir de blanco. Lleva también un rosario en la mano, que recuerda su especial devoción al rosario; el color negro del rosario es el característico de los dominicos. La bandera con el crucifijo recuerda el estandarte de la Liga Santa, aunque originalmente este era de damasco azul: el color blanco en representaciones como esta suele simbolizar la pureza de la Iglesia y del propio Pío V.";;;;
creu_radiada_altar_roser.jpeg;Creu radiada;Capella de la Mare de Déu del Roser;La creu radiada és un motiu decoratiu molt difós en la decoració eclesiàstica dels segles XIX i XX.;Cruz radiada;Capilla de la Virgen del Rosario;La cruz radiada es un motivo decorativo muy difundido en la decoración eclesiástica de los siglos XIX y XX.;;;;
sant_josep.jpg;Sant Josep;Capella de Sant Josep ;Sant Josep (s. I) va ser el marit de la Verge Maria. Era membre de la casa de David i fuster de professió. Segons els evangelis apòcrifs, era vidu i tenia fills d’un matrimoni anterior quan es casà amb Maria, que tenia només catorze anys. Encara no havien començat a conviure plegats quan ella quedà embarassada. Com que Josep era un home just, no la volgué denunciar i decidí repudiar-la en secret, però l’arcàngel sant Gabriel se li aparegué en somnis i li anuncià que el fill que esperava Maria era el Fill de Déu i havia estat concebut per obra de l’Esperit Sant. Arran d’aquest somni es posà al servei del pla diví i tengué cura de tots dos. La darrera referència que en fan els Evangelis és quan cercà el Nin Jesús al temple, per la qual cosa es creu que morí abans de l’inici de la vida pública de Jesucrist.// En aquesta escultura del s. XVIII apareix amb el Nin Jesús en braços i amb un dels seus atributs més característics: una vara florida que recorda com va ser escollit com a marit de la Verge. Quan els sacerdots del temple volgueren cercar un pretendent per a Maria (que hi servia des dels tres anys), demanaren a tots els homes de la casa de David en edat de casar-se que deixassin les seves vares damunt l’altar del temple, i la de Josep florí miraculosament, senyal que era l’escollit per Déu.;San José;Capilla de San José;San José (s. I) fue el esposo de la Virgen María. Era miembro de la casa de David y carpintero de profesión. Según los evangelios apócrifos, era viudo y tenía hijos de un matrimonio anterior cuando se casó con María, que apenas tenía catorce años. Aún no habían comenzado a vivir juntos cuando ella quedó embarazada. Como José era un hombre justo, no quiso denunciarla y decidió repudiarla en secreto, pero el arcángel san Gabriel se le apareció en sueños y le anunció que el hijo que esperaba María era el Hijo de Dios y había sido concebido por obra del Espíritu Santo. A raíz de este sueño se puso al servicio del plan divino y cuidó de ambos. La última referencia que hacen de él los Evangelios es cuando buscó al Niño Jesús en el templo, por lo que se cree que murió antes del comienzo de la vida pública de Jesucristo.// En esta escultura del s. XVIII aparece con el Niño Jesús en brazos y con uno de sus atributos más característicos: una vara florida que recuerda cómo fue escogido como esposo de la Virgen. Cuando los sacerdotes del templo quisieron buscar un pretendiente para María (que servía en el templo desde los tres años), pidieron a todos los hombres de la casa de David en edad de casarse que dejaran sus varas sobre el altar del templo, y la de José floreció milagrosamente, señal de que era el elegido por Dios.;;;;
sant_antoni_de_padua.jpg;Sant Antoni de Pàdua;Capella de Sant Josep ;Sant Antoni de Pàdua (1195-1231), conegut popularment a Mallorca com sant Antoni dels Albercocs, nasqué a Lisboa, motiu pel qual també se’l coneix com sant Antoni de Lisboa. Frare franciscà, professor de teologia i gran predicador, és famós pels molts miracles que se li atribueixen. La seva popularitat i fama de miracler eren tan grans que va ser canonitzat menys d’un any després de la seva mort, essent el segon sant que més ràpidament ha estat canonitzat en la història de l’Església Catòlica.// En aquesta escultura del s. XVIII se’l representa amb l’hàbit franciscà, de color marró i cenyit amb un cordó amb nusos. Amb la mà esquerra sosté un llibre, que simbolitza la seva faceta de teòleg i predicador. L’objecte que originalment duia a la mà dreta s’ha perdut.;San Antonio de Padua;Capilla de San José;San Antonio de Padua (1195-1231), conocido popularmente en Mallorca como san Antonio de los Albaricoques, nació en Lisboa, motivo por el que también se le conoce como san Antonio de Lisboa. Fraile franciscano, profesor de teología y gran predicador, es famoso por los muchos milagros que se le atribuyen. Su popularidad y fama de taumaturgo eran tan grandes que fue canonizado menos de un año después de su muerte, siendo el segundo santo canonizado con mayor rapidez en la historia de la Iglesia Católica.// En esta escultura del s. XVIII se le representa con el hábito franciscano, de color marrón y ceñido con un cordón de nudos. Con la mano izquierda sostiene un libro, que simboliza su faceta de teólogo y predicador. El objeto que originalmente llevaba en la mano derecha se ha perdido.;;;;
sant_antoni_abat.jpg;Sant Antoni Abat;Capella de Sant Josep ;"Sant Antoni Abat (251–356) va ser un anacoreta egipci. És conegut també com sant Antoni de Viana, nom que deriva de Vienne, a França, on es fundà a l’edat mitjana baix el seu patronatge l’Orde dels Canonges Regulars de Sant Antoni, o antonians; a Mallorca és també popularment conegut com sant Antoni dels Ases. Fill d’una família rica, en morir els seus pares repartí tota la seva herència entre els pobres i es retirà a viure al desert. És famós per les seves lluites contra el diable i les seves temptacions. Va ser el fundador del moviment dels anacoretes i el pare espiritual del monaquisme cristià, d’aquí el qualificatiu d’abat, malgrat que no ho va ser de cap monestir.// En aquesta pintura se’l representa com un ancià llegint un llibre, símbol de la Paraula de Déu, i amb un bastó d’ermità del qual penja una campaneta. Aquesta campaneta fa referència a la seva relació amb els monjos antonians, que identificaven amb campanetes els porcs que criaven per obtenir el greix amb què curaven el “foc de sant Antoni”, una intoxicació alimentària provocada pel consum de sègol contaminat per un fong paràsit. El foc que crema als seus peus simbolitza precisament aquesta malaltia. El porquet que l'acompanya, un dels atributs característics de sant Antoni Abat, fa referència, d'una banda, als porcs amb què els monjos antonians curaven el “foc de sant Antoni”, i de l'altra, a la llegenda segons la qual una truja li dugué un porcellet malalt: quan sant Antoni el beneí el porcellet se curà i des de llavors la truja sempre l'acompanyà.";San Antonio Abad;Capilla de San José;"San Antonio Abad (251–356) fue un anacoreta egipcio. Se le conoce también como san Antonio de Viana, nombre que deriva de Vienne, en Francia, donde se fundó en la Edad Media bajo su patrocinio la Orden de los Canónigos Regulares de San Antonio, o antonianos; en Mallorca también es conocido popularmente como san Antonio de los Asnos. Hijo de una familia rica, al morir sus padres repartió toda su herencia entre los pobres y se retiró a vivir al desierto. Es famoso por sus luchas contra el diablo y sus tentaciones. Fue el fundador del movimiento de los anacoretas y el padre espiritual del monacato cristiano, de ahí el calificativo de abad, aunque nunca lo fue de ningún monasterio.// En esta pintura se le representa como un anciano leyendo un libro, símbolo de la Palabra de Dios, y con un bastón de ermitaño del que cuelga una campanilla. Esta campanilla hace referencia a su relación con los monjes antonianos, que identificaban con campanillas a los cerdos que criaban para obtener la grasa con la que curaban el “fuego de san Antonio”, una intoxicación alimentaria provocada por el consumo de centeno contaminado por un hongo parásito. El fuego que arde a sus pies simboliza precisamente esta enfermedad. El cerdito que lo acompaña, uno de los atributos característicos de san Antonio Abad, hace referencia, por un lado, a los cerdos con los que los monjes antonianos curaban el “fuego de san Antonio” y, por otro, a la leyenda según la cual una cerda le llevó un lechón enfermo: cuando san Antonio lo bendijo, el lechón sanó y desde entonces la cerda lo acompañó siempre.";;;;
santa_llucia.jpg;Santa Llúcia;Capella de Sant Josep ;Santa Llúcia (s. III) va ser una jove màrtir cristiana. Era filla d’una família noble i cristiana de Siracusa. Durant l’adolescència decidí consagrar la seva vida a Déu fent vot de virginitat. Sense conèixer aquesta decisió, sa mare, que era vídua i estava malalta, la prometé en matrimoni a un jove pagà. Més endavant, mare i filla peregrinaren a la tomba de santa Àgata per demanar la curació de la malaltia de sa mare i aquesta es curà miraculosament. Llavors, Llúcia ho aprofità per convèncer-la perquè cancel·làs el compromís matrimonial i repartís el dot entre els pobres. El pretendent, enrabiat, la denuncià com a cristiana. Llúcia fou empresonada i sotmesa a diverses tortures perquè adoràs els déus pagans, però es mantengué fidel a la seva fe i finalment fou martiritzada.// En aquesta imatge, santa Llúcia sosté amb una mà una palma, que la identifica com a màrtir, i amb l’altra una palangana amb dos ulls, el seu atribut més característic. L’origen d’aquest símbol no és clar. Segons una tradició medieval, santa Llúcia es va arrabassar els ulls i els envià al seu pretendent perquè deixàs d’assetjar-la, i la Verge Maria n’hi concedí uns de més bells. Tanmateix, des del segle XVI aquesta història es considera fruit d’una confusió amb una altra santa Llúcia, una monja dominica a qui s’atribuïa un episodi semblant. Una altra llegenda conta que, com a part de les tortures que patí, li arrabassaren els ulls i que els recuperà miraculosament, però les primeres narracions del seu martiri no esmenten aquest fet.;Santa Lucía;Capilla de San José;Santa Lucía (s. III) fue una joven mártir cristiana. Era hija de una familia noble y cristiana de Siracusa. Durante la adolescencia decidió consagrar su vida a Dios haciendo voto de virginidad. Sin conocer esta decisión, su madre, que era viuda y estaba enferma, la prometió en matrimonio a un joven pagano. Más adelante, madre e hija peregrinaron a la tumba de santa Águeda para pedir la curación de la enfermedad de la madre, y esta sanó milagrosamente. Entonces Lucía aprovechó para convencerla de que cancelara el compromiso matrimonial y repartiera la dote entre los pobres. El pretendiente, enfurecido, la denunció como cristiana. Lucía fue encarcelada y sometida a diversas torturas para que adorara a los dioses paganos, pero se mantuvo fiel a su fe y finalmente fue martirizada.// En esta imagen, santa Lucía sostiene con una mano una palma, que la identifica como mártir, y con la otra una bandeja con dos ojos, su atributo más característico. El origen de este símbolo no está claro. Según una tradición medieval, santa Lucía se arrancó los ojos y se los envió a su pretendiente para que dejara de acosarla, y la Virgen María le concedió otros aún más hermosos. Sin embargo, desde el siglo XVI esta historia se considera fruto de una confusión con otra santa Lucía, una monja dominica a la que se atribuía un episodio semejante. Otra leyenda cuenta que, como parte de las torturas que sufrió, le arrancaron los ojos y que los recuperó milagrosamente, pero los primeros relatos de su martirio no mencionan este hecho.;;;;
sagrada_familia_a_egipte.jpg;Descans en la fugida de la Sagrada Família a Egipte;Capella de Sant Josep ;Aquesta pintura representa un descans en la fugida de la Sagrada Família a Egipte. Segons l’Evangeli de sant Mateu, després de la visita dels Reis Mags un àngel s’aparegué en somnis a sant Josep per avisar-lo que el rei Herodes volia matar el Nin Jesús per por que fos el rei dels jueus anunciat per les profecies i que el destronàs, i li ordenà que fugís a Egipte amb la seva família. Sant Josep obeí i marxà a Egipte amb la Verge Maria i el Nin Jesús. Allà romangueren fins que, mort Herodes, se li tornà a aparèixer un àngel en somnis i li ordenà que retornàs a Israel.// En aquest quadre, la Verge hi apareix alletant el Nin Jesús, un detall habitual en moltes representacions d'aquesta escena que reforça el seu caràcter íntim i familiar.;Descanso durante la huida de la Sagrada Familia a Egipto;Capilla de San José;Esta pintura representa un descanso durante la huida de la Sagrada Familia a Egipto. Según el Evangelio de san Mateo, después de la visita de los Reyes Magos un ángel se apareció en sueños a san José para advertirle de que el rey Herodes quería matar al Niño Jesús por temor a que fuera el rey de los judíos anunciado por las profecías y lo destronara, y le ordenó que huyera a Egipto con su familia. San José obedeció y marchó a Egipto con la Virgen María y el Niño Jesús. Allí permanecieron hasta que, muerto Herodes, un ángel volvió a aparecérsele en sueños y le ordenó regresar a Israel.// En este cuadro, la Virgen aparece amamantando al Niño Jesús, un detalle habitual en muchas representaciones de esta escena que refuerza su carácter íntimo y familiar.;;;;
sagrada_familia_al_taller.jpg;Sagrada Família al taller;Capella de Sant Josep ;Aquesta pintura mostra una escena familiar de la Sagrada Família. Sant Josep, fuster de professió, hi apareix allisant una peça de fusta amb una plana, mentre la Verge Maria i el Nin Jesús l’observen.;Sagrada Familia en el taller;Capilla de San José;Esta pintura muestra una escena familiar de la Sagrada Familia. San José, carpintero de profesión, aparece alisando una pieza de madera con un cepillo, mientras la Virgen María y el Niño Jesús lo observan.;;;;
transit_de_sant_josep.jpg;Trànsit de sant Josep;Capella de Sant Josep ;Aquesta pintura representa la mort de sant Josep, a qui identificam per la vara florida, un dels seus símbols més característics (vegeu la fitxa sobre l’escultura central del retaule). Hi apareix acompanyat en els seus darrers moments per la Verge Maria, Jesucrist i dos àngels que esperen la seva ànima per guiar-la cap al cel. La presència de petits objectes quotidians contribueix a donar a l’escena un caràcter íntim i familiar.// No sabem gaire cosa de la mort de sant Josep, però tradicionalment es creu que morí abans de l’episodi de les noces de Canà, ja que no hi va anar amb la seva família. Per això, la seva mort ha estat considerada tradicionalment la més dolça i serena possible, en companyia de Jesús i de la Verge Maria, motiu pel qual és venerat com a patró de la bona mort.;Tránsito de san José;Capilla de San José;Esta pintura representa la muerte de san José, a quien identificamos por la vara florida, uno de sus símbolos más característicos (véase la ficha sobre la escultura central del retablo). Aparece acompañado en sus últimos momentos por la Virgen María, Jesucristo y dos ángeles que esperan su alma para guiarla al cielo. La presencia de pequeños objetos cotidianos contribuye a dar a la escena un carácter íntimo y familiar.// No sabemos gran cosa sobre la muerte de san José, pero tradicionalmente se cree que murió antes del episodio de las bodas de Caná, ya que no acudió a ellas con su familia. Por ello, su muerte ha sido considerada tradicionalmente la más dulce y serena posible, en compañía de Jesús y de la Virgen María, motivo por el que es venerado como patrono de la buena muerte.;;;;
monja_santjosep.jpg;Crist de la Passió abraçant una religiosa;Capella de Sant Josep ;Pintura que representa una visió mística en la qual una monja rep l'aparició del Crist de la Passió, que es despenja de la creu per abraçar-la. El lliri a terra és un símbol de la puresa de la religiosa.// No podem confirmar amb total seguretat la identitat de la religiosa, però l'hàbit grisós amb guardapit blanc, toca negra i un rosari llarg i fosc suggereixen que es tracta d'una dominica. La identificació més probable és la de santa Catalina de Siena (1347-1380), una terciària dominica que va ser una de les grans místiques del seu temps, per la qual cosa va ser nomenada Doctora de l'Església, i que és representada sovint en escenes d'unió mística amb el Crist de la Passió degut a les seves visions.// Una altra possible identificació és la de santa Catalina de Ricci (1522-1590), una monja dominica famosa per les seves visions de la Passió de Crist. En una d'aquestes visions, mentre era a la seva cel·la del convent, la figura de Crist es desclavà de la creu del seu altar privat i l'abraçà.;Cristo de la Pasión abrazando a una religiosa;Capilla de San José;Pintura que representa una visión mística en la que una monja recibe la aparición del Cristo de la Pasión, que se desclava de la cruz para abrazarla. El lirio en el suelo es un símbolo de la pureza de la religiosa.// No podemos confirmar con total seguridad la identidad de la religiosa, pero el hábito grisáceo con escapulario blanco, toca negra y un largo rosario oscuro sugieren que se trata de una dominica. La identificación más probable es la de santa Catalina de Siena (1347-1380), una terciaria dominica que fue una de las grandes místicas de su tiempo, por lo que fue nombrada Doctora de la Iglesia, y que es representada a menudo en escenas de unión mística con el Cristo de la Pasión debido a sus visiones.// Otra posible identificación es la de santa Catalina de Ricci (1522-1590), una monja dominica famosa por sus visiones de la Pasión de Cristo. En una de estas visiones, mientras se encontraba en su celda del convento, la figura de Cristo se desclavó de la cruz de su altar privado y la abrazó.;;;;
santa_catalina_thomas.jpg;Santa Catalina Thomàs;Capella de Santa Catalina Thomàs;"Santa Catalina Thomàs (1531–1574), coneguda popularment a Mallorca com sor Tomasseta o la Beata, és l’única santa nascuda a Mallorca. Va ser una monja canongessa agustina, famosa en vida per la seva saviesa i prudència, pels seus dons profètics, per les seves bregues amb el dimoni i pels seus èxtasis místics, que de vegades arribaren a durar 24 hores. Quan, 43 anys després de la seva mort, s’obrí la seva tomba, trobaren el seu cos i la seva roba sense cap signe de corrupció; el seu cos incorrupte s’exposa al convent de Santa Magdalena de Palma.// En aquesta escultura apareix arrovada, mirant una coloma al cel que representa l'Esperit Sant. Va vestida amb l’hàbit de la seva orde: túnica negra amb roquet blanc, toca blanca coberta amb vel i mantell negres, i una penitència penjada al coll. Al seu costat hi ha un llibre tancat, un pa de sucre de forma cònica i un ocell. El llibre tancat simbolitza la Regla de sant Agustí, que seguia com a canongessa regular. El pa de sucre fa referència a un episodi de la seva vida: una monja que havia de cantar la Sibil·la li demanà un poc de sucre per tenir la boca més dolça en cantar, i santa Catalina li digué que hi tornàs quan hagués d’entrar al cor. Quan hi tornà, la monja la trobà agenollada en èxtasi amb un pa de sucre a les mans. Finalment, l’ocell representa un ocellet que, segons una monja contemporània seva, era “de diferents colors, no com los que ordinàriament coneixem” i que, durant els darrers anys de la seva vida, solia posar-se sobre les seves mans i cantar-li “suavísimament”.//El retaule d’aquesta capella dedicada a santa Catalina Thomàs és obra de l’escultor Miquel Matas i fou encarregat l’any 1794, just tres anys després de la beatificació de la titular. Aquesta escultura de la llavors beata va ser la primera que s’instal·là al retaule, l’any 1795.";Santa Catalina Tomás;Capilla de Santa Catalina Tomás;"Santa Catalina Tomás (1531–1574), conocida popularmente en Mallorca como sor Tomaseta o la Beata, es la única santa nacida en Mallorca. Fue una monja canonesa agustina, famosa en vida por su sabiduría y prudencia, por sus dones proféticos, por sus luchas con el demonio y por sus éxtasis místicos, que en ocasiones llegaron a durar 24 horas. Cuando, 43 años después de su muerte, se abrió su tumba, encontraron su cuerpo y sus ropas sin ningún signo de corrupción; su cuerpo incorrupto se expone en el convento de Santa Magdalena de Palma.// En esta escultura aparece arrobada, mirando una paloma en el cielo que representa al Espíritu Santo. Viste el hábito de su orden: túnica negra con roquete blanco, toca blanca cubierta con velo y manto negros, y una penitencia colgada del cuello. A su lado hay un libro cerrado, un pan de azúcar de forma cónica y un pájaro. El libro cerrado simboliza la Regla de san Agustín, que seguía como canonesa regular. El pan de azúcar hace referencia a un episodio de su vida: una monja que debía cantar la Sibila le pidió un poco de azúcar para tener la boca más dulce al cantar, y santa Catalina le dijo que volviera cuando tuviera que entrar en el coro. Cuando regresó, la monja la encontró arrodillada en éxtasis con un pan de azúcar entre las manos. Finalmente, el pájaro representa un pajarillo que, según una monja contemporánea suya, era “de diferentes colores, no como los que ordinariamente conocemos” y que, durante los últimos años de su vida, solía posarse sobre sus manos y cantarle “suavísimamente”.// El retablo de esta capilla dedicada a santa Catalina Tomás es obra del escultor Miquel Matas y fue encargado en 1794, apenas tres años después de la beatificación de la titular. Esta escultura de la entonces beata fue la primera que se instaló en el retablo, en 1795.";;;;
sant_agusti.jpg;Sant Agustí;Capella de Santa Catalina Thomàs;Sant Agustí (354-430) va ser un predicador famós i un dels grans erudits del cristianisme antic, per la qual cosa és considerat un dels Pares de l’Església. Nasqué a Tagaste, a l’actual Algèria. Sa mare, santa Mònica, era una cristiana devota però ell visqué una joventut dissipada: tengué un fill essent encara molt jove amb la que seria la seva concubina durant quinze anys i professà el maniqueisme, una antiga religió considerada herètica pels cristians.// Passada la trentena, mentre feia de mestre de retòrica a Milà, es convertí al cristianisme gràcies a les oracions de sa mare i a la influència de sant Ambròs, bisbe de Milà, i abandonà la seva feina, tonant a Tagaste. Durant el viatge de retorn morí sa mare i poc després d’arribar també morí el seu fill. Llavors, Agustí vengué tot el seu patrimoni excepte la casa familiar, repartí els doblers entre els pobres, i fundà a casa seva una petita comunitat que feia vida austera seguint unes normes que ell mateix establí i que amb el temps es coneixerien com la regla de sant Agustí. Aquesta és justament la regla segons la qual viuen les canongeses de sant Agustí, orde a la qual va pertànyer santa Catalina Thomàs, titular d’aquesta capella. Uns anys després va ser ordenat sacerdot i nomenat bisbe d’Hipona, també a l’actual Algèria, on continuà portant vida monàstica al palau episcopal.// En aquesta pintura se’l representa amb mitra i vestidures episcopals, en referència al seu càrrec com a bisbe d’Hipona, sobre l’hàbit negre dels monjos agustinians. En una mà sosté un llibre, símbol del seu paper com a escriptor i Pare de l’Església. En l’altra sosté un cor en flames que simbolitza el seu amor ardent per Déu i fa referència a diversos textos seus on l’esmenta. A la part superior de la pintura hi apareix l’ull de Déu, símbol tradicional de la Divina Providència, que ens recorda la creença agustiniana que la saviesa no és només fruit de la intel·ligència i del estudis, sinó també de la il·luminació divina.;San Agustín;Capilla de Santa Catalina Tomás;San Agustín (354-430) fue un famoso predicador y uno de los grandes eruditos del cristianismo antiguo, por lo que es considerado uno de los Padres de la Iglesia. Nació en Tagaste, en la actual Argelia. Su madre, santa Mónica, era una cristiana devota, pero él vivió una juventud disipada: tuvo un hijo siendo todavía muy joven con la que sería su concubina durante quince años y profesó el maniqueísmo, una antigua religión considerada herética por los cristianos.// Pasada la treintena, mientras ejercía como maestro de retórica en Milán, se convirtió al cristianismo gracias a las oraciones de su madre y a la influencia de san Ambrosio, obispo de Milán, y abandonó su profesión, regresando a Tagaste. Durante el viaje de regreso murió su madre y, poco después de llegar, también falleció su hijo. Entonces Agustín vendió todo su patrimonio, excepto la casa familiar, repartió el dinero entre los pobres y fundó en su casa una pequeña comunidad que llevaba una vida austera siguiendo unas normas establecidas por él mismo y que con el tiempo serían conocidas como la regla de san Agustín. Esta es precisamente la regla según la cual viven las canonesas de san Agustín, orden a la que perteneció santa Catalina Tomás, titular de esta capilla. Unos años más tarde fue ordenado sacerdote y nombrado obispo de Hipona, también en la actual Argelia, donde continuó llevando vida monástica en el palacio episcopal.// En esta pintura se le representa con mitra y vestiduras episcopales, en referencia a su cargo como obispo de Hipona, sobre el hábito negro de los monjes agustinos. En una mano sostiene un libro, símbolo de su papel como escritor y Padre de la Iglesia. En la otra sostiene un corazón en llamas que simboliza su amor ardiente por Dios y hace referencia a diversos textos suyos en los que lo menciona. En la parte superior de la pintura aparece el ojo de Dios, símbolo tradicional de la Divina Providencia, que nos recuerda la creencia agustiniana de que la sabiduría no es solo fruto de la inteligencia y de los estudios, sino también de la iluminación divina.;;;;
sant_antoni_abat_sct.jpg;Sant Antoni Abat;Capella de Santa Catalina Thomàs;"Sant Antoni Abat (251–356) va ser un anacoreta egipci. També és conegut com sant Antoni de Viana, nom que deriva de Vienne, a França, on es fundà a l’edat mitjana baix el seu patronatge l’Orde dels Canonges Regulars de Sant Antoni, o antonians; a Mallorca és també popularment conegut com sant Antoni dels Ases. Fill d’una família rica, en morir els seus pares repartí tota la seva herència entre els pobres i es retirà a viure al desert. És famós per les seves lluites contra el diable i les seves temptacions. Va ser el fundador del moviment dels anacoretes i el pare espiritual del monaquisme cristià, d’aquí el qualificatiu d’abat, malgrat que no ho va ser de cap monestir.// En aquesta pintura se’l representa com un ancià amb un llibre a la mà, símbol de la Paraula de Déu, i un bastó d’ermità del qual penja una campaneta. Aquesta campaneta fa referència a la seva relació amb els monjos antonians, que identificaven amb campanetes els porcs que criaven per obtenir el greix amb què curaven el “foc de sant Antoni”, una intoxicació alimentària provocada pel consum de sègol contaminat per un fong paràsit. Als peus del sant crema un foc que simbolitza precisament aquesta malaltia. Al cel els angelets sostenen una lletra greca Tau majúscula, signe de salvació i protecció divina per als primers cristians i que els monjos antonians portaven cosida en els seus hàbits.";San Antonio Abad;Capilla de Santa Catalina Tomás;"San Antonio Abad (251–356) fue un anacoreta egipcio. También se le conoce como san Antonio de Viana, nombre que deriva de Vienne, en Francia, donde se fundó en la Edad Media bajo su patrocinio la Orden de los Canónigos Regulares de San Antonio, o antonianos; en Mallorca también es conocido popularmente como san Antonio de los Asnos. Hijo de una familia rica, al morir sus padres repartió toda su herencia entre los pobres y se retiró a vivir al desierto. Es famoso por sus luchas contra el diablo y sus tentaciones. Fue el fundador del movimiento de los anacoretas y el padre espiritual del monacato cristiano, de ahí el calificativo de abad, aunque nunca lo fue de ningún monasterio.// En esta pintura se le representa como un anciano con un libro en la mano, símbolo de la Palabra de Dios, y un bastón de ermitaño del que cuelga una campanilla. Esta campanilla hace referencia a su relación con los monjes antonianos, que identificaban con campanillas a los cerdos que criaban para obtener la grasa con la que curaban el “fuego de san Antonio”, una intoxicación alimentaria provocada por el consumo de centeno contaminado por un hongo parásito. A los pies del santo arde un fuego que simboliza precisamente esta enfermedad. En el cielo, unos angelitos sostienen una letra griega Tau mayúscula, signo de salvación y protección divina para los primeros cristianos y que los monjes antonianos llevaban cosida en sus hábitos.";;;;
sant_guillem.jpg;Sant Guillem el Gran;Capella de Santa Catalina Thomàs;"Sant Guillem de Malavalle (s. XII), també anomenat sant Guillem el Gran, va ser un anacoreta que inspirà la fundació de l’orde dels Eremites de Sant Guillem. Segons una tradició medieval (que probablement el confon amb sant Guillem de Gellone, duc d’Aquitània i comte de Tolosa dels segles VIII-IX, que renuncià a la vida militar per retirar-se a la vida monàstica) va ser un cavaller de la família ducal d’Aquitània que, per la seva vida dissoluta, fou excomunicat pel papa Eugeni III. Convertit per sant Bernat de Claravall, pelegrinà a Jerusalem, Roma i Santiago de Compostel·la i, en tornar, es retirà a la vida eremítica a la Toscana.// Aquesta pintura representa el moment de la conversió de sant Guillem per sant Bernat, però mesclant-lo amb la iconografia de la renúncia de Guillem d’Aquitània a la vida militar per abraçar la vida religiosa, simbolitzada pel casc i l’espasa a terra i per l’actitud d’estorament dels soldats.// Cal dir que la identificació tradicional d'aquesta pintura a la parròquia és la de “sant Guillem duc de Gandia”; emperò, no s'ha pogut documentar l'existència de cap sant amb aquest nom, per la qual cosa aquesta atribució probablement és errònia.";San Guillermo el Grande;Capilla de Santa Catalina Tomás;"San Guillermo de Maleval (s. XII), también llamado san Guillermo el Grande, fue un anacoreta que inspiró la fundación de la Orden de los Ermitaños de San Guillermo. Según una tradición medieval (que probablemente lo confunde con san Guillermo de Gellone, duque de Aquitania y conde de Tolosa de los siglos VIII-IX, que renunció a la vida militar para retirarse a la vida monástica), fue un caballero de la familia ducal de Aquitania que, por su vida disoluta, fue excomulgado por el papa Eugenio III. Convertido por san Bernardo de Claraval, peregrinó a Jerusalén, Roma y Santiago de Compostela y, a su regreso, se retiró para llevar vida eremítica en la Toscana.// Esta pintura representa el momento de la conversión de san Guillermo por san Bernardo, pero mezclándolo con la iconografía de la renuncia de Guillermo de Aquitania a la vida militar para abrazar la vida religiosa, simbolizada por el casco y la espada en el suelo y por la actitud de asombro de los soldados.// Debe señalarse que la identificación tradicional de esta pintura en la parroquia es la de “san Guillermo duque de Gandía”; sin embargo, no se ha podido documentar la existencia de ningún santo con ese nombre, por lo que esta atribución probablemente sea errónea.";;;;
sant_francesc_de_padua.jpg;Sant Francesc de Paula;Capella de Santa Catalina Thomàs;Sant Francesc de Paula (1416-1507) va ser el fundador de l’Orde dels Frares Mínims. De molt petit patí una malaltia als ulls i els seus pares prometeren que, si es curava, durant un any portaria l’hàbit franciscà. En compliment d’aquesta promesa, ingressà als dotze anys en un convent franciscà, iniciant així la seva preparació per a la vida religiosa. Poc després d’abandonar el convent, es retirà a una cova a fer vida eremítica. A poc a poc se li afegiren seguidors i es formà al seu voltant una comunitat que donaria lloc a l’Orde dels Frares Mínims, els membres de la qual afegeixen als tres vots tradicionals de pobresa, castetat i obediència un quart vot de vida quaresmal perpètua. Sant Francesc de Paula va ser famós en vida pels nombrosos miracles, curacions i profecies que se li atribuïren.// Aquesta pintura representa a sant Francesc de Paula com un ermità ancià amb barba blanca, vestit amb l’hàbit fosc dels Mínims i portant un bastó. Al cel hi apareix escrita la paraula “Charitas”, lema de l’orde i el símbol més característic de sant Francesc de Paula. L’origen d’aquest atribut rau en una visió celestial que tengué el sant en què uns àngels li baixaren del cel un disc en flames amb aquesta inscripció.;San Francisco de Paula;Capilla de Santa Catalina Tomás;San Francisco de Paula (1416-1507) fue el fundador de la Orden de los Frailes Mínimos. Siendo muy pequeño padeció una enfermedad en los ojos y sus padres prometieron que, si sanaba, durante un año llevaría el hábito franciscano. En cumplimiento de esta promesa, ingresó a los doce años en un convento franciscano, iniciando así su preparación para la vida religiosa. Poco después de abandonar el convento, se retiró a una cueva para llevar vida eremítica. Poco a poco se le unieron seguidores y se formó a su alrededor una comunidad que daría lugar a la Orden de los Frailes Mínimos, cuyos miembros añaden a los tres votos tradicionales de pobreza, castidad y obediencia un cuarto voto de vida cuaresmal perpetua. San Francisco de Paula fue famoso en vida por los numerosos milagros, curaciones y profecías que se le atribuyeron.// Esta pintura representa a san Francisco de Paula como un anciano ermitaño de barba blanca, vestido con el hábito oscuro de los Mínimos y portando un bastón. En el cielo aparece escrita la palabra “Charitas”, lema de la orden y el símbolo más característico de san Francisco de Paula. El origen de este atributo se encuentra en una visión celestial que tuvo el santo, en la que unos ángeles descendieron del cielo con un disco en llamas que llevaba esta inscripción.;;;;
sant_francesc_xavier.jpg;Sant Francesc Xavier;Capella de Santa Catalina Thomàs;Sant Francesc Xavier (1506-1552) va ser un missioner jesuïta navarrès. Va ser un dels col·laboradors més estrets de sant Ignasi de Loiola i formà part del grup de companys reunits al voltant de sant Ignasi que acabaria donant origen a la Companyia de Jesús. Poc després de ser ordenat sacerdot es dedicà a l’activitat missionera. És conegut com “l’apòstol de les Índies” perquè evangelitzà diversos territoris d’orient, com l’Índia, Ceilan, les illes Moluques i el Japó.// En aquesta pintura sant Francesc Xavier apareix vestit amb l’hàbit negre dels jesuïtes i portant un medalló amb el monograma IHS dins un sol radiant, emblema de la Companyia de Jesús. Està predicant a tres persones, en referència a la seva tasca com a predicador i missioner, mentre el contemplen tres figures celestials entre els niguls: d’esquerra a dreta, sant Pere, amb les claus, Jesús, amb un globus terraqüi, i sant Pau, amb una espasa. Aquest grup simbolitza l’aprovació celestial de la predicació del sant. El llibre obert simbolitza el seu paper com a evangelitzador. S’hi pot llegir el versicle 6:26 de l’evangeli de sant Mateu: *Respicite volatilia coeli* (“Mirau els ocells del cel” en llatí), en referència a la vida de Francesc Xavier com a missioner abandonat totalment a la Providència. Els ocells representats al cel il·lustren literalment el versicle evangèlic.”;San Francisco Javier;Capilla de Santa Catalina Tomás;"San Francisco Javier (1506-1552) fue un misionero jesuita navarro. Fue uno de los colaboradores más estrechos de san Ignacio de Loyola y formó parte del grupo de compañeros reunidos en torno a san Ignacio que acabaría dando origen a la Compañía de Jesús. Poco después de ser ordenado sacerdote se dedicó a la actividad misionera. Es conocido como “el apóstol de las Indias” porque evangelizó diversos territorios de Oriente, como la India, Ceilán, las islas Molucas y Japón.// En esta pintura, san Francisco Javier aparece vestido con el hábito negro de los jesuitas y llevando un medallón con el monograma IHS dentro de un sol radiante, emblema de la Compañía de Jesús. Está predicando a tres personas, en referencia a su labor como predicador y misionero, mientras es contemplado por tres figuras celestiales entre las nubes: de izquierda a derecha, san Pedro, con las llaves; Jesús, con un globo terráqueo; y san Pablo, con una espada. Este grupo simboliza la aprobación celestial de la predicación del santo. El libro abierto simboliza su papel como evangelizador. En él puede leerse el versículo 6:26 del evangelio de san Mateo: *Respicite volatilia coeli* (“Mirad las aves del cielo” en latín), en referencia a la vida de Francisco Javier como misionero totalmente abandonado a la Providencia. Las aves representadas en el cielo ilustran literalmente el versículo evangélico.";;;;
betlem.jpg;Naixement;Capella del Naixement;Naixement restaurat fa pocs anys i format per tres figures: la Verge Maria, sant Josep i el Nin Jesús. Sant Josep porta en la mà dreta un dels seu atributs més característics: una vara florida, que recorda la tradició segons la qual, quan es cercava un pretendent per a Maria, es va demanar als aspirants que deixassin les seves vares al temple, i només la de Josep va florir miraculosament, senyal que era l’escollit per Déu. La Verge vesteix com una Puríssima, amb túnica blanca i mantell blau, símbols de puresa i celestialitat, respectivament.;Nacimiento;Capilla del Nacimiento;Nacimiento restaurado hace pocos años y formado por tres figuras: la Virgen María, san José y el Niño Jesús. San José lleva en la mano derecha uno de sus atributos más característicos: una vara florida, que recuerda la tradición según la cual, cuando se buscaba un pretendiente para María, se pidió a los aspirantes que dejaran sus varas en el templo, y solo la de José floreció milagrosamente, señal de que era el elegido por Dios. La Virgen viste como una Inmaculada, con túnica blanca y manto azul, símbolos de pureza y celestialidad, respectivamente.;;;;
sant_crist.jpg;Sant Crist;Capella del Sant Crist;Sant Crist que prové de l’església primitiva, on ja hi era com a mínim l’any 1865 quan s’instituí la vicaria de Vilafranca de Bonany.;Santo Cristo;Capilla del Santo Cristo;Santo Cristo procedente de la iglesia primitiva, donde ya se encontraba al menos en el año 1865, cuando se instituyó la vicaría de Vilafranca de Bonany.;;;;
sant_angel_de_la_guarda.jpg;Àngel de la guarda;Capella del Sant Crist;L’àngel de la guarda o àngel custodi és un àngel que Déu atorga a cada persona, sigui creient o no, per protegir-la i acompanyar-la durant tota la vida. La creença en l’existència d’éssers celestials protectors no és exclusiva del cristianisme, i es remunta com a mínim a l’imperi assiri i la Grècia clàssica. A l’Església Catòlica, la devoció a l’àngel de la guarda es popularitzà especialment a partir del segle XVI. Ara bé, la seva existència no és dogma de fe de l’Església Catòlica, tot i ser afirmada pel Catecisme.// En aquesta pintura, l’àngel de la guarda apareix representat com un jove d’aspecte androgin, amb unes ales grans que simbolitzen el seu origen celestial i vestit amb una túnica rosa pàl·lid que transmet suavitat i puresa. El seu protegit és un nin indefens, al qual pren de la mà, i la serp fosca als peus de l’infant representa el perill del qual el protegeix. L’àngel assenyala el cel amb el dit índex, un gest que ens recorda que el seu propòsit final és guiar l’ànima del seu protegit cap a la salvació eterna.;Ángel de la Guarda;Capilla del Santo Cristo;El ángel de la guarda o ángel custodio es un ángel que Dios concede a cada persona, sea creyente o no, para protegerla y acompañarla durante toda la vida. La creencia en la existencia de seres celestiales protectores no es exclusiva del cristianismo y se remonta al menos al Imperio Asirio y a la Grecia clásica. En la Iglesia Católica, la devoción al ángel de la guarda se popularizó especialmente a partir del siglo XVI. Ahora bien, su existencia no es dogma de fe de la Iglesia Católica, aunque es afirmada por el Catecismo.// En esta pintura, el ángel de la guarda aparece representado como un joven de aspecto andrógino, con unas grandes alas que simbolizan su origen celestial y vestido con una túnica rosa pálido que transmite suavidad y pureza. Su protegido es un niño indefenso, al que lleva de la mano, y la serpiente oscura a los pies del niño representa el peligro del que lo protege. El ángel señala el cielo con el dedo índice, un gesto que nos recuerda que su propósito último es guiar el alma de su protegido hacia la salvación eterna.;;;;
sant_mateu.jpg;Sant Mateu;Capella del Sant Crist;Sant Mateu (s. I) va ser un dels dotze apòstols i se’l considera l’autor del primer dels Evangelis canònics. Era recaptador d'impostos per als romans fins que, un dia que estava al seu lloc de feina, Jesús passà per davant i li digué “Segueix-me”, i ell ho deixà tot per convertir-se en un dels seus seguidors més fidels. Després de la mort de Jesús predicà per Judea i per l’actual Etiòpia, on, segons la llegenda, va ser executat perquè en un sermó retregué al rei Hitarc que volgués casar-se amb la seva neboda, la princesa Ifigènia, a qui Mateu havia convertit i consagrat a Déu.// En aquesta pintura apareix llegint un llibre que representa el seu Evangeli. La vareta de mesurar que sobresurt entre els plecs de la túnica i la bossa de doblers fan referència a la seva feina anterior com a recaptador d’imposts.;San Mateo;Capilla del Santo Cristo;San Mateo (s. I) fue uno de los doce apóstoles y se le considera el autor del primero de los Evangelios canónicos. Era recaudador de impuestos para los romanos hasta que, un día, mientras estaba en su lugar de trabajo, Jesús pasó ante él y le dijo: “Sígueme”, y él lo dejó todo para convertirse en uno de sus seguidores más fieles. Después de la muerte de Jesús predicó en Judea y en la actual Etiopía, donde, según la leyenda, fue ejecutado porque en un sermón reprochó al rey Hitarco que quisiera casarse con su sobrina, la princesa Ifigenia, a quien Mateo había convertido y consagrado a Dios.// En esta pintura aparece leyendo un libro que representa su Evangelio. La vara de medir que sobresale entre los pliegues de la túnica y la bolsa de dinero hacen referencia a su anterior profesión de recaudador de impuestos.;;;;
crist_jacent.jpg;Sant Crist de la Sang;Capella del Sant Crist;Escultura jacent del Sant Crist mort, coneguda popularment con Sant Crist de la Sang. Té les articulacions mòbils per poder-lo penjar a la creu.;Santo Cristo de la Sangre;Capilla del Santo Cristo;Escultura yacente del Santo Cristo muerto, conocida popularmente como Santo Cristo de la Sangre. Tiene las articulaciones móviles para poder colgarlo de la cruz.;;;;
santa_fa.jpg;Santa Faç;Capella del Sant Crist;El vel de la Verònica amb la Santa Faç és una de les relíquies més famoses del cristianisme. Segons una llegenda medieval, durant el camí de Jesús al Calvari, santa Verònica es llevà el vel per eixugar-li el rostre, que quedà miraculosament imprès a la tela. Aquest episodi forma part del Viacrucis, però no apareix als Evangelis canònics. La Santa Faç s’ha convertit en un símbol de compassió davant el sofriment de Crist.;Santa Faz;Capilla del Santo Cristo;El velo de la Verónica con la Santa Faz es una de las reliquias más famosas del cristianismo. Según una leyenda medieval, durante el camino de Jesús al Calvario, santa Verónica se quitó el velo para enjuagarle el rostro, que quedó milagrosamente impreso en la tela. Este episodio forma parte del Vía Crucis, pero no aparece en los Evangelios canónicos. La Santa Faz se ha convertido en un símbolo de compasión ante el sufrimiento de Cristo.;;;;
colom_sc.jpg;Esperit Sant;Capella del Sant Crist;El colom és el símbol de l’Esperit Sant. Els raigs que surten del colom simbolitzen que l'Esperit Sant és font de llum i coneixement.;Espíritu Santo;Capilla del Santo Cristo;La paloma es el símbolo del Espíritu Santo. Los rayos que parten de la paloma simbolizan que el Espíritu Santo es fuente de luz y conocimiento.;;;;
emblemes_passio_1.jpg;Emblemes de la Passió;Capella del Sant Crist;"Els emblemes de la Passió, o *Arma Christi*, són un conjunt d’objectes associats al patiment i la mort de Jesucrist que amb el temps s’han convertit en símbols de devoció cristiana. En aquest relleu hi apareixen els següents: la creu on Jesús va ser crucificat; els claus amb què va ser clavat a la creu; les escales utilitzades durant la crucifixió i el davallament de la creu; la corona d’espines amb què va ser objecte de burla i turment; els flagells amb què va ser assotat, i els daus amb què els soldats romans es jugaren la roba de Jesús a sorts.";Emblemas de la Pasión;Capilla del Santo Cristo;"Los emblemas de la Pasión, o *Arma Christi*, son un conjunto de objetos asociados al sufrimiento y la muerte de Jesucristo que con el tiempo se han convertido en símbolos de devoción cristiana. En este relieve aparecen los siguientes: la cruz en la que Jesús fue crucificado; los clavos con los que fue clavado en la cruz; las escaleras utilizadas durante la crucifixión y el descendimiento de la cruz; la corona de espinas con la que fue objeto de burlas y tormento; los flagelos con los que fue azotado; y los dados con los que los soldados romanos se jugaron a suertes la ropa de Jesús.";;;;
emblemes_passio_2.jpg;Emblemes de la Passió;Capella del Sant Crist;"Els emblemes de la Passió, o *Arma Christi*, són un conjunt d’objectes associats al patiment i la mort de Jesucrist que amb el temps s’han convertit en símbols de devoció cristiana. En aquest relleu hi apareixen els següents: la columna on Jesús va ser lligat i assotat; el martell amb què li clavaren els claus; les tenalles amb què li llevaren els claus de la creu per retirar-ne el cos; la llança amb què el soldat Longí li travessà el costat; l’espongera amb què li oferiren vinagre per beure, i el gall en referència a les negacions de sant Pere.";Emblemas de la Pasión;Capilla del Santo Cristo;"Los emblemas de la Pasión, o *Arma Christi*, son un conjunto de objetos asociados al sufrimiento y la muerte de Jesucristo que con el tiempo se han convertido en símbolos de devoción cristiana. En este relieve aparecen los siguientes: la columna donde Jesús fue atado y azotado; el martillo con el que le clavaron los clavos; las tenazas con las que le quitaron los clavos de la cruz para retirar su cuerpo; la lanza con la que el soldado Longinos le atravesó el costado; la esponja con la que le ofrecieron vinagre para beber; y el gallo en referencia a las negaciones de san Pedro.";;;;
santa_barbara_al_portal.jpg;Santa Bàrbara;Exterior;Santa Bàrbara de Nicomèdia (s. III) era la filla d’un home molt ric que la tancà en una torre per preservar-la del contacte amb el món fins que es casàs. Però ella, en secret, es va fer cristiana i consagrà la seva virginitat a Déu. En assabentar-se’n, son pare volgué matar-la, però miraculosament la torre s’obrí i pogué fugir. Finalment fou atrapada i torturada per ordre de son pare perquè renegàs de la fe cristiana i, com que no ho aconseguiren, el seu propi pare la decapità. Com a càstig diví, quan aquest tornava a casa seva, un llamp, precedit d’un gran tro, el matà. Per aquest motiu, santa Bàrbara és a qui invocam contra els llamps i els trons.// En aquesta escultura, atribuïda a Gregorio de Herrera (s. XVIII) sosté un dels seus atributs més característics: la torre amb tres finestres on segons la tradició va ser tancada per son pare.;Santa Bárbara;Exterior;Santa Bárbara de Nicomedia (s. III) era hija de un hombre muy rico que la encerró en una torre para preservarla del contacto con el mundo hasta que se casara. Pero ella, en secreto, se hizo cristiana y consagró su virginidad a Dios. Al enterarse, su padre quiso matarla, pero milagrosamente la torre se abrió y pudo huir. Finalmente fue capturada y torturada por orden de su padre para que renegara de la fe cristiana y, como no lo consiguieron, su propio padre la decapitó. Como castigo divino, cuando este regresaba a su casa, un rayo, precedido de un gran trueno, lo mató. Por este motivo, santa Bárbara es la santa a la que se invoca contra los rayos y los truenos.// En esta escultura, atribuida a Gregorio de Herrera (s. XVIII), sostiene uno de sus atributos más característicos: la torre de tres ventanas donde, según la tradición, fue encerrada por su padre.;;;;
sagrat_cor.jpg;Sagrat Cor de Jesús;Exterior;El Sagrat Cor de Jesús simbolitza l’amor i la misericòrdia de Jesús per la humanitat. Aquesta escultura de Jesús amb el Sagrat Cor al pit és obra de l'escultor Miquel Vadell ajudat pel mestre d’obra local Joan Bauzà Font (1942). Fa 6 m d'alt comptant la peanya i és de ciment portland armat El Sagrat Cor hi és representat coronat amb flames, símbol de l’amor ardent de Jesús per la humanitat. Jesús fa el gest de beneir el poble amb la mà dreta.;Sagrado Corazón de Jesús;Exterior;El Sagrado Corazón de Jesús simboliza el amor y la misericordia de Jesús hacia la humanidad. Esta escultura de Jesús con el Sagrado Corazón sobre el pecho es obra del escultor Miquel Vadell, con la ayuda del maestro de obras local Joan Bauzà Font (1942). Mide 6 m de altura, incluido el pedestal, y está realizada en cemento Portland armado. El Sagrado Corazón aparece coronado por llamas, símbolo del amor ardiente de Jesús hacia la humanidad. Jesús hace el gesto de bendecir el pueblo con la mano derecha.;;;;
ramon_llull_amb_pila.jpg;Ramon Llull sobre la pila batismal de l’església primitiva;Nau;El beat Ramon Llull (1232–1316) va ser un escriptor, filòsof, místic, teòleg i missioner mallorquí. Autor d’una obra extensíssima en català, llatí i àrab, és una de les figures més importants del pensament medieval europeu i un dels mallorquins més universals de la història. Fill de família cortesana, va ser preceptor del rei Jaume II, però quan tenia uns trenta anys, arran d’una sèrie de visions místiques, abandonà la vida cortesana i dedicà la resta de la seva vida a convertir els infidels a la fe cristiana per mitjà de la raó. Fundà el monestir de Miramar a Mallorca i predicà per Europa, el Pròxim Orient i el nord d’Àfrica.// Aquesta escultura de Ramon Llull en pedra de Santanyí prové de l’església primitiva. Quan l’any 1907 es rebaixà el paviment del temple la trobaren enterrada, la qual cosa explica el seu mal estat.// L’escultura està dipositada sobre la pila baptismal de l’església primitiva, també tallada en pedra de Santanyí. És de l’any 1685, quan s’instituí la vicaria de Vilafranca i es pogué començar a batejar a l’església.;Ramón Llull sobre la pila bautismal de la iglesia primitiva;Nave;El beato Ramón Llull (1232–1316) fue un escritor, filósofo, místico, teólogo y misionero mallorquín. Autor de una extensísima obra en catalán, latín y árabe, es una de las figuras más importantes del pensamiento medieval europeo y uno de los mallorquines más universales de la historia. Hijo de una familia cortesana, fue preceptor del rey Jaime II, pero cuando tenía unos treinta años, a raíz de una serie de visiones místicas, abandonó la vida cortesana y dedicó el resto de su vida a convertir a los infieles a la fe cristiana por medio de la razón. Fundó el monasterio de Miramar en Mallorca y predicó por Europa, Oriente Próximo y el norte de África.// Esta escultura de Ramón Llull, realizada en piedra de Santanyí, procede de la iglesia primitiva. Cuando en 1907 se rebajó el pavimento del templo, fue hallada enterrada, lo que explica su mal estado de conservación.// La escultura está colocada sobre la pila bautismal de la iglesia primitiva, también tallada en piedra de Santanyí. Es del año 1685, cuando se instituyó la vicaría de Vilafranca y se pudo comenzar a bautizar en la iglesia.;;;;
trona1.jpeg;Aparició de Jesús als seus deixebles;Nau;Aquest fresc descriu l’escena narrada a l’Evangeli de sant Marc (16:15), en la qual Jesús ressuscitat s’apareix als apòstols i els encomana l’evangelització de tot el món, dient-los: “Anau per tot el món i predicau l’evangeli a totes les criatures”.// Els frescos del tornaveu de la trona són obra de Mn. Llorenç Bonnín (1952). El tornaveu reprodueix la forma del que Antoni Gaudí dissenyà per a la trona major de la Seu, retirat l'any 1971.;Aparición de Jesús a sus discípulos;Nave;Este fresco describe la escena narrada en el Evangelio de san Marcos (16:15), en la que Jesús resucitado se aparece a los apóstoles y les encomienda la evangelización de todo el mundo, diciéndoles: “Id por todo el mundo y predicad el Evangelio a todas las criaturas”.// Los frescos del tornavoz del púlpito son obra de Mn. Llorenç Bonnín (1952). El tornavoz reproduce la forma del que Antoni Gaudí diseñó para el púlpito mayor de la Seu, retirado en 1971.;;;;
trona2.jpeg;Moisès i la plenitud de la Llei;Nau;En aquest fresc hi apareix Moisès devallant del mont Sinaí amb les taules de la Llei. La filactèria reprodueix les paraules de Jesús citades a l’Evangeli de sant Mateu (5:17) amb les quals declara que la seva doctrina no substitueix els manaments de l’Antic Testament, sinó que els duu a la seva plenitud: “No he vengut a abolir, sinó a donar compliment”. El crismó, el monograma format per les dues primeres lletres de la paraula grega *Christos* (Χ i Ρ), superposat a la filactèria, indica que aquestes paraules són pronunciades per Crist, encara que no aparegui representat a l’escena.// Els frescos del tornaveu de la trona són obra de Mn. Llorenç Bonnín (1952). El tornaveu reprodueix la forma del que Antoni Gaudí dissenyà per a la trona major de la Seu, retirat l'any 1971.;Moisés y la plenitud de la Ley;Nave;En este fresco aparece Moisés descendiendo del monte Sinaí con las Tablas de la Ley. La filacteria reproduce las palabras de Jesús citadas en el Evangelio de san Mateo (5:17) con las que declara que su doctrina no sustituye los mandamientos del Antiguo Testamento, sino que los lleva a su plenitud: “No he venido a abolir, sino a dar cumplimiento”. El crismón, monograma formado por las dos primeras letras de la palabra griega *Christos* (Χ y Ρ), superpuesto a la filacteria, indica que estas palabras son pronunciadas por Cristo, aunque no aparezca representado en la escena.// Los frescos del tornavoz del púlpito son obra de Mn. Llorenç Bonnín (1952). El tornavoz reproduce la forma del que Antoni Gaudí diseñó para el púlpito mayor de la Seu, retirado en 1971.;;;;
trona3.jpeg;Missió dels setanta-dos deixebles;Nau;Aquest fresc il·lustra un episodi narrat a l’Evangeli de sant Lluc (10:1-16), en el qual Jesús designa setanta-dos deixebles i els envia a predicar. La filactèria reprodueix les seves paraules: «Qui vos escolta a vosaltres, m’escolta a mi». A la pintura hi apareix una multitud de persones, inclosos reis i càrrecs eclesiàstics, reunida davant la basílica de Sant Pere de Roma mentre l’Esperit Sant davalla sobre ells en forma de llengües de foc, símbol de la inspiració divina necessària per a la propagació de l’Evangeli. La composició representa així l'encàrrec de difondre el missatge cristià entre tots els pobles sota la guia de l’Esperit Sant.// Els frescos del tornaveu de la trona són obra de Mn. Llorenç Bonnín (1952). El tornaveu reprodueix la forma del que Antoni Gaudí dissenyà per a la trona major de la Seu, retirat l'any 1971.;Misión de los setenta y dos discípulos;Nave;Este fresco ilustra un episodio narrado en el Evangelio de san Lucas (10:1-16), en el que Jesús designa a setenta y dos discípulos y los envía a predicar. La filacteria reproduce sus palabras: “Quien a vosotros escucha, a mí me escucha”. En la pintura aparece una multitud de personas, incluidos reyes y dignatarios eclesiásticos, reunida ante la basílica de San Pedro de Roma mientras el Espíritu Santo desciende sobre ellos en forma de lenguas de fuego, símbolo de la inspiración divina necesaria para la propagación del Evangelio. La composición representa así el encargo de difundir el mensaje cristiano entre todos los pueblos bajo la guía del Espíritu Santo.// Los frescos del tornavoz del púlpito son obra de Mn. Llorenç Bonnín (1952). El tornavoz reproduce la forma del que Antoni Gaudí diseñó para el púlpito mayor de la Seu, retirado en 1971.;;;;
trona4.jpeg;Transfiguració de Jesús;Nau;"Aquest fresc descriu l’escena de la Transfiguració, narrada a l’Evangeli de sant Mateu (17:1-5), en què Jesús pujà amb alguns deixebles dalt d’una muntanya i allà es transfigurà davant ells. Al seu costat aparegueren Moisès i el profeta Elies, i un nigul lluminós els cobrí mentre una veu proclamava: «Aquest és el meu Fill, el meu estimat, en qui m’he complagut; escoltau-lo». Moisès apareix a la dreta de Jesús amb les Taules de la Llei, mentre que Elies, a l'esquerra, sosté un rotlle de pergamí que l'identifica com a profeta.// Els frescos del tornaveu de la trona són obra de Mn. Llorenç Bonnín (1952). El tornaveu reprodueix la forma del que Antoni Gaudí dissenyà per a la trona major de la Seu, retirat l'any 1971.";Transfiguración de Jesús;Nave;"Este fresco describe la escena de la Transfiguración, narrada en el Evangelio de san Mateo (17:1-5), en la que Jesús subió con algunos discípulos a lo alto de un monte y allí se transfiguró ante ellos. A su lado aparecieron Moisés y el profeta Elías, y una nube luminosa los cubrió mientras una voz proclamaba: “Este es mi Hijo, el amado, en quien me complazco; escuchadle”. Moisés aparece a la derecha de Jesús con las Tablas de la Ley, mientras que Elías, a la izquierda, sostiene un rollo de pergamino que lo identifica como profeta.// Los frescos del tornavoz del púlpito son obra de Mn. Llorenç Bonnín (1952). El tornavoz reproduce la forma del que Antoni Gaudí diseñó para el púlpito mayor de la Seu, retirado en 1971.";;;;
escut_trona_es.jpeg;Esperit Sant;Nau;La representació usual de l'Esperit Sant és en forma de colom, que és com descendí sobre Jesús en el seu baptisme. En aquest medalló apareix irradiant rajos de llum acabats en llengües de foc, com les que davallaren sobre els apòstols a la Pentecosta, símbol de la saviesa i de la inspiració divina que l'Esperit Sant concedeix a l'Església per a l'anunci de l'Evangeli.// La trona i el tornaveu, de marès i pedra de Santanyí, varen ser obra de l’esculptor de Palma Miquel Sacanell (1952).;Espíritu Santo;Nave;La representación habitual del Espíritu Santo es en forma de paloma, que es como descendió sobre Jesús en su bautismo. En este medallón aparece irradiando rayos de luz rematados por lenguas de fuego, como las que descendieron sobre los apóstoles en Pentecostés, símbolo de la sabiduría y de la inspiración divina que el Espíritu Santo concede a la Iglesia para el anuncio del Evangelio.// El púlpito y el tornavoz, de marés y piedra de Santanyí, fueron obra del escultor palmesano Miquel Sacanell (1952).;;;;
escut_trona_joan.jpeg;Sant Joan l’Evangelista;Nau;Sant Joan l’Evangelista va ser el més jove dels dotze apòstols i el més proper a Jesús, i l’autor d’un dels Evangelis canònics i de l’Apocalipsi. L’àguila és el seu símbol en el tetramorf, la representació simbòlica dels quatre evangelistes. La identificació de sant Joan amb una àguila es deu al fet que el seu Evangeli és el més abstracte i teològic dels quatre i, per tant, com un àguila, s’eleva per damunt dels altres en saviesa. A més, l’àguila és tradicionalment l’únic animal que pot mirar directament i sense enlluernar-se la llum del sol (símbol de Déu i de la seva Paraula) i sant Joan va ser l'evangelista que “mirà” de forma més directa la llum divina.// La trona i el tornaveu, de marès i pedra de Santanyí, varen ser obra de l’esculptor de Palma Miquel Sacanell (1952).;San Juan Evangelista;Nave;San Juan Evangelista fue el más joven de los doce apóstoles y el más cercano a Jesús, además de autor de uno de los Evangelios canónicos y del Apocalipsis. El águila es su símbolo en el tetramorfos, la representación simbólica de los cuatro evangelistas. La identificación de san Juan con un águila se debe a que su Evangelio es el más abstracto y teológico de los cuatro y, por tanto, como un águila, se eleva por encima de los demás en sabiduría. Además, el águila es tradicionalmente el único animal capaz de mirar directamente, sin deslumbrarse, la luz del sol (símbolo de Dios y de su Palabra), y san Juan fue el evangelista que “contempló” de forma más directa la luz divina.// El púlpito y el tornavoz, de marés y piedra de Santanyí, fueron obra del escultor palmesano Miquel Sacanell (1952).;;;;
escut_trona_lluc.jpeg;Sant Lluc ;Nau;Sant Lluc va escriure un dels Evangelis canònics i el llibre dels Fets dels Apòstols, tot i no ser un dels dotze apòstols. El bou és el seu símbol en el tetramorf, la representació simbòlica dels quatre evangelistes. El motiu és que, en el bestiari popular, el bou és signe de sacrifici, i aquest és un dels temes centrals de l’Evangeli de sant Lluc: comença parlant del sacrifici que oferí Zacaries a Déu i és també el que tracta amb més extensió l’episodi de la Passió de Crist.// La trona i el tornaveu, de marès i pedra de Santanyí, varen ser obra de l’esculptor de Palma Miquel Sacanell (1952).;San Lucas;Nave;San Lucas escribió uno de los Evangelios canónicos y el libro de los Hechos de los Apóstoles, a pesar de no ser uno de los doce apóstoles. El buey es su símbolo en el tetramorfos, la representación simbólica de los cuatro evangelistas. El motivo es que, en el bestiario popular, el buey es signo de sacrificio, y este es uno de los temas centrales del Evangelio de san Lucas: comienza hablando del sacrificio que Zacarías ofreció a Dios y es también el que trata con mayor extensión el episodio de la Pasión de Cristo.// El púlpito y el tornavoz, de marés y piedra de Santanyí, fueron obra del escultor palmesano Miquel Sacanell (1952).;;;;
escut_trona_marc.jpeg;Sant Marc;Nau;Sant Marc no va ser un dels dotze apòstols però va escriure el segon Evangeli canònic, segurament a partir de la predicació de sant Pere. El lleó és el seu símbol en el tetramorf, la representació simbòlica dels quatre evangelistes, pel fet que el seu Evangeli comença parlant de Joan Baptista, identificat amb la “veu que clama en el desert” anunciada pel profeta Isaïes. Aquesta veu s’associa al rugit del lleó. El lleó, a més, simbolitza la Resurrecció, tema central de l’Evangeli de sant Marc, perquè, segons una creença antiga, pot retornar a la vida els seus cadells amb la seva veu.// La trona i el tornaveu, de marès i pedra de Santanyí, varen ser obra de l’esculptor de Palma Miquel Sacanell (1952).;San Marcos;Nave;San Marcos no fue uno de los doce apóstoles, pero escribió el segundo Evangelio canónico, seguramente a partir de la predicación de san Pedro. El león es su símbolo en el tetramorfos, la representación simbólica de los cuatro evangelistas, porque su Evangelio comienza hablando de Juan Bautista, identificado con la “voz que clama en el desierto” anunciada por el profeta Isaías. Esta voz se asocia al rugido del león. El león, además, simboliza la Resurrección, tema central del Evangelio de san Marcos, porque, según una antigua creencia, puede devolver la vida a sus cachorros con su voz.// El púlpito y el tornavoz, de marés y piedra de Santanyí, fueron obra del escultor palmesano Miquel Sacanell (1952).;;;;
escut_trona_mateu.jpeg;Sant Mateu;Nau;Sant Mateu va ser un dels dotze apòstols i se’l considera l’autor del primer dels Evangelis canònics. L’àngel és el seu símbol en el tetramorf, la representació simbòlica dels quatre evangelistes, perquè el seu Evangeli comença repassant la genealogia humana de Jesús i l’àngel representa la humanitat de Jesús.// La trona i el tornaveu, de marès i pedra de Santanyí, varen ser obra de l’esculptor de Palma Miquel Sacanell (1952).;San Mateo;Nave;San Mateo fue uno de los doce apóstoles y se le considera el autor del primero de los Evangelios canónicos. El ángel es su símbolo en el tetramorfos, la representación simbólica de los cuatro evangelistas, porque su Evangelio comienza repasando la genealogía humana de Jesús y el ángel representa la humanidad de Jesús.// El púlpito y el tornavoz, de marés y piedra de Santanyí, fueron obra del escultor palmesano Miquel Sacanell (1952).;;;;
a_sacra_numismare_vitrall.jpg;Mare de Déu de la Medalla Miraculosa;Nau;La Mare de Déu de la Medalla Miraculosa és una advocació mariana basada en una aparició de la Verge Maria a santa Catalina Labouré que inspirà el disseny de l'anomenada Medalla Miraculosa. Aquest vitrall mostra la imatge habitual de la Verge a l’anvers d'aquesta medalla: dreta i amb els braços oberts, dels quals es desprenen raigs de llum que representen, segons la Verge, les gràcies que vessa sobre les persones que les demanen. El text superior, *A sacra numismate*, és a dir, “Per la sagrada medalla” en llatí, fa referència a les gràcies que s’obtenen per mediació de la Medalla Miraculosa. Les inicials de la part inferior del vitrall són les del donant que en finançà la confecció.;Nuestra Señora de la Medalla Milagrosa;Nave;La Virgen de la Medalla Milagrosa es una advocación mariana basada en una aparición de la Virgen María a santa Catalina Labouré que inspiró el diseño de la llamada Medalla Milagrosa. Esta vidriera muestra la imagen habitual de la Virgen en el anverso de dicha medalla: de pie y con los brazos abiertos, de los que brotan rayos de luz que representan, según la propia Virgen, las gracias que derrama sobre las personas que las piden. El texto superior, *A sacra numismate*, es decir, “Por la sagrada medalla” en latín, hace referencia a las gracias que se obtienen por mediación de la Medalla Milagrosa. Las iniciales de la parte inferior de la vidriera son las del donante que financió su realización.;;;;
anunciacio_vitrall.jpg;L’Anunciació;Nau;Aquest vitrall representa l'episodi de l'Anunciació, quan l'arcàngel sant Gabriel anuncià a la Verge Maria que concebria un fill per obra de l'Esperit Sant. En ell hi podem veure la Verge Maria resant agenollada en primer pla, sant Gabriel dret al darrera, l'Esperit Sant representat mitjançant un colom, i un lliri que representa la puresa de la Verge. Les inicials de la part inferior del vitrall són les del donant que en finançà la confecció.;La Anunciación;Nave;Esta vidriera representa el episodio de la Anunciación, cuando el arcángel san Gabriel anunció a la Virgen María que concebiría un hijo por obra del Espíritu Santo. En ella podemos ver a la Virgen María rezando de rodillas en primer plano, a san Gabriel de pie detrás de ella, al Espíritu Santo representado mediante una paloma, y un lirio que simboliza la pureza de la Virgen. Las iniciales de la parte inferior de la vidriera son las del donante que financió su realización.;;;;
sant_antoni_abat_vitrall.jpg;Sant Antoni Abat;Nau;Sant Antoni Abat (251–356), conegut també com sant Antoni de Viana (nom que deriva de Vienne, a França, on es fundà a l’edat mitjana baix el seu patronatge l’Orde dels Canonges Regulars de Sant Antoni, o antonians) i, a Mallorca, com sant Antoni dels Ases, va ser un anacoreta egipci. Fill d’una família rica, en morir els seus pares repartí tota la seva herència entre els pobres i es retirà a viure al desert. És famós per les seves lluites contra el diable i les seves temptacions. Va ser el fundador del moviment dels anacoretes i el pare espiritual del monaquisme cristià: d’aquí li ve el qualificatiu d’abat, malgrat que no ho va ser de cap monestir.// En aquest vitrall se’l representa com un ancià amb un llibre a la mà, símbol de la Paraula de Déu. Amb l’altra mà sosté un bastó d’ermità del qual penja una campaneta. Aquesta campaneta fa referència a la seva relació amb els monjos antonians, que identificaven amb campanetes els porcs que criaven per obtenir el greix amb què curaven el “foc de sant Antoni”, una intoxicació alimentària provocada pel consum de sègol contaminat per un fong paràsit. El porquet que l'acompanya, un dels atributs característics de sant Antoni Abat, fa referència, d'una banda, als porcs amb què els monjos antonians curaven el “foc de sant Antoni”, i de l'altra, a la llegenda segons la qual una truja li dugué un porcellet malalt: quan sant Antoni el beneí el porcellet se curà i des de llavors la truja sempre l'acompanyà.// Les inicials de la part inferior del vitrall són les del donant que en finançà la confecció.;San Antonio Abad;Nave;"San Antonio Abad (251–356), también conocido como san Antonio de Viana (nombre que deriva de Vienne, en Francia, donde se fundó en la Edad Media bajo su patrocinio la Orden de los Canónigos Regulares de San Antonio, o antonianos) o, en Mallorca, como san Antonio de los Asnos, fue un anacoreta egipcio. Hijo de una familia rica, al morir sus padres repartió toda su herencia entre los pobres y se retiró a vivir al desierto. Es famoso por sus luchas contra el diablo y sus tentaciones. Fue el fundador del movimiento de los anacoretas y el padre espiritual del monacato cristiano; de ahí le viene el calificativo de abad, aunque nunca lo fue de ningún monasterio.// En esta vidriera se le representa como un anciano con un libro en la mano, símbolo de la Palabra de Dios. Con la otra mano sostiene un bastón de ermitaño del que cuelga una campanilla. Esta campanilla hace referencia a su relación con los monjes antonianos, que identificaban con campanillas a los cerdos que criaban para obtener la grasa con la que curaban el “fuego de san Antonio”, una intoxicación alimentaria provocada por el consumo de centeno contaminado por un hongo parásito. El cerdito que lo acompaña, uno de los atributos característicos de san Antonio Abad, hace referencia, por un lado, a los cerdos con los que los monjes antonianos curaban dicho “fuego de san Antonio” y, por otro, a la leyenda según la cual una cerda le llevó un lechón enfermo: cuando san Antonio lo bendijo, el lechón sanó y desde entonces la cerda lo acompañó siempre.// Las iniciales de la parte inferior de la vidriera son las del donante que financió su realización.";;;;
sant_bernat_vitrall.jpg;Sant Bernat;Nau;Sant Bernat de Claravall (1090–1153) va ser un monjo i abat cistercenc, fundador de l’abadia cistercenca de Claravall, i Doctor de l’Església. És una de les figures més importants de la cristiandat del segle XII, destacant com a predicador, escriptor, fundador de monestirs (68 en total, arreu d’Europa) i gran difusor del culte a la Mare de Déu. Va promoure una vida religiosa austera i contemplativa.// En aquest vitrall apareix amb tonsura, vestit amb l’hàbit blanc cistercenc i portant un bàcul d’abat. Les inicials de la part inferior del vitrall són les del donant que en finançà la confecció.;San Bernardo;Nave;San Bernardo de Claraval (1090–1153) fue un monje y abad cisterciense, fundador de la abadía cisterciense de Claraval y Doctor de la Iglesia. Es una de las figuras más importantes de la cristiandad del siglo XII, destacando como predicador, escritor, fundador de monasterios (68 en total, repartidos por toda Europa) y gran difusor del culto a la Virgen María. Promovió una vida religiosa austera y contemplativa.// En esta vidriera aparece con tonsura, vestido con el hábito blanco cisterciense y portando un báculo de abad. Las iniciales de la parte inferior de la vidriera son las del donante que financió su realización.;;;;
sant_joan_baptista_vitrall.jpg;Sant Joan Baptista;Nau;Sant Joan Baptista (s. I) va ser fill d’Isabel, cosina de la Verge Maria, i de Zacaries, a qui l’arcàngel sant Gabriel anuncià el naixement de Joan i revelà que seria el precursor del Messies. Ja d’adult, Joan dugué una vida ascètica al desert, dedicada a predicar el penediment dels pecats i a batejar en el riu Jordà a qui volgués purificar-se dels pecats en preparació per a l’arribada del Regne del Cel. Va ser en aquest context que batejà Jesucrist poc abans que aquest començàs la seva vida pública.// En aquest vitrall, sant Joan hi apareix acompanyat d'un xotet i sostenint una creu llarga feta de canya amb una filactèria on es llegeix “*Ecce Agnus Dei*”. La creu ens recorda que sant Joan coneixia el futur martiri de Jesús, mentre que la canya amb què és feta simbolitza l’austeritat de la seva vida al desert. El xotet i el text de la filactèria fan referència a les seves paraules en el moment de batejar Jesús: “Aquest és l'anyell de Déu, el qui lleva el pecat del món”.// Les inicials de la part inferior del vitrall són les del donant que en finançà la confecció.;San Juan Bautista;Nave;San Juan Bautista (s. I) fue hijo de Isabel, prima de la Virgen María, y de Zacarías, a quien el arcángel san Gabriel anunció el nacimiento de Juan y reveló que sería el precursor del Mesías. Ya de adulto, Juan llevó una vida ascética en el desierto, dedicada a predicar el arrepentimiento de los pecados y a bautizar en el río Jordán a quien quisiera purificarse de sus pecados en preparación para la llegada del Reino de los Cielos. Fue en este contexto que bautizó a Jesucristo poco antes de que este iniciara su vida pública.// En esta vidriera, san Juan aparece acompañado de un cordero y sosteniendo una larga cruz de caña con una filacteria en la que se lee “*Ecce Agnus Dei*”. La cruz nos recuerda que san Juan conocía el futuro martirio de Jesús, mientras que la caña con la que está hecha simboliza la austeridad de su vida en el desierto. El cordero y el texto de la filacteria hacen referencia a sus palabras en el momento de bautizar a Jesús: “Este es el Cordero de Dios, el que quita el pecado del mundo”.// Las iniciales de la parte inferior de la vidriera son las del donante que financió su realización.;;;;
sant_jordi_vitrall.jpg;Sant Jordi;Nau;Sant Jordi (s. III) va ser un militar romà educat en la fe cristiana que arribà a formar part de la guàrdia personal de l’emperador Dioclecià. Com que no volgué participar en la Gran Persecució dels cristians decretada per l’emperador, renuncià a la milícia, repartí els seus béns entre els pobres i es dedicà a la predicació. Va ser detingut i torturat de moltes maneres perquè renunciàs a la seva fe, i finalment executat. Segons la tradició, hagué de ser executat tres vegades perquè les dues primeres ressuscità.// La seva gran fama prové de la llegenda medieval del drac. Segons aquesta tradició, prop d’una ciutat hi havia un llac on vivia un drac pestilent que s’alimentava cada dia d’una ovella i una donzella de la ciutat. La donzella era escollida per sorteig i un dia li tocà a la filla del rei. Quan es dirigia cap al llac lamentant-se del seu destí, es trobà amb sant Jordi, que s’oferí a salvar-la i acabar amb el drac. Sant Jordí capturà el drac i, quan tota la ciutat es convertí al cristianisme, el rematà.// A partir d’aquesta llegenda, sant Jordi es convertí durant l’edat mitjana en un model ideal de cavaller i des del segle XII apareix en nombroses tradicions ajudant els cristians en els combats més decisius. Així, per exemple, el rei Jaume I conta al Llibre dels Fets que el primer cavaller que entrà a Ciutat durant els combats del 31 de desembre de 1229 va ser un cavaller blanc muntant un cavall blanc, a qui identificà amb sant Jordi.// En aquest vitrall se’l representa com un cavaller amb armadura blanca i una creu vermella al pit, coneguda com a Creu de Sant Jordi, símbol que segons la tradició duia en algunes de les seves aparicions medievals. Les inicials de la part inferior són les del donant que finançà la confecció del vitrall.;San Jorge;Nave;San Jorge (s. III) fue un militar romano educado en la fe cristiana que llegó a formar parte de la guardia personal del emperador Diocleciano. Como no quiso participar en la Gran Persecución de los cristianos decretada por el emperador, renunció a la milicia, repartió sus bienes entre los pobres y se dedicó a la predicación. Fue detenido y sometido a numerosas torturas para que renunciara a su fe y, finalmente, ejecutado. Según la tradición, tuvo que ser ejecutado tres veces, pues las dos primeras resucitó.// Su gran fama procede de la leyenda medieval del dragón. Según esta tradición, cerca de una ciudad había un lago donde vivía un dragón pestilente que se alimentaba cada día de una oveja y una doncella de la ciudad. La doncella era elegida por sorteo y un día le tocó a la hija del rey. Cuando se dirigía al lago lamentando su destino, se encontró con san Jorge, que se ofreció a salvarla y acabar con el dragón. San Jorge capturó al dragón y, cuando toda la ciudad se convirtió al cristianismo, lo remató.// A partir de esta leyenda, san Jorge se convirtió durante la Edad Media en un modelo ideal de caballero y desde el siglo XII aparece en numerosas tradiciones ayudando a los cristianos en los combates más decisivos. Así, por ejemplo, el rey Jaime I cuenta en el *Llibre dels Fets* que el primer caballero que entró en la Ciudad de Mallorca durante los combates del 31 de diciembre de 1229 fue un caballero blanco montado sobre un caballo blanco, a quien identificó con san Jorge.// En esta vidriera se le representa como un caballero con armadura blanca y una cruz roja sobre el pecho, conocida como Cruz de San Jorge, símbolo que, según la tradición, llevaba en algunas de sus apariciones medievales. Las iniciales de la parte inferior son las del donante que financió la realización de la vidriera.;;;;
sant_miquel_vitrall.jpg;Sant Miquel arcàngel;Nau;L’arcàngel sant Miquel (en hebreu, “Qui com Déu?”) és el capità de les milícies celestials, àngel protector de l’Església contra els seus enemics i encarnació del Bé en la lluita contra el Mal. En aquest vitrall se’l representa vestit amb armadura i armat amb una espasa de foc i un escut.// Les inicials de la part inferior del vitrall són les del donant que en finançà la confecció.;San Miguel Arcángel;Nave;El arcángel san Miguel (en hebreo, “¿Quién como Dios?”) es el capitán de las milicias celestiales, ángel protector de la Iglesia frente a sus enemigos y encarnación del Bien en la lucha contra el Mal. En esta vidriera se le representa vestido con armadura y armado con una espada de fuego y un escudo.// Las iniciales de la parte inferior de la vidriera son las del donante que financió su realización.;;;;
santissima_trinitat_vitrall.jpg;Santíssima Trinitat;Nau;Representació del Pare, el Fill i l'Esperit Sant. Déu Pare sosté els dos braços de la creu en la que el Fill està crucificat i l'Esperit Sant hi és representat, com és habitual, en forma de colom. Als dos costats del Fill hi apareixen la primera i la darrera lletra de l’alfabet grec, Alfa (A) i Omega (Ω), en referència a les paraules Jesucrist “jo sóm l’Alfa i l’Omega, el primer i el darrer, el principi i la fi”.// Les inicials de la part inferior del vitrall són les del donant que en finançà la confecció.;Santísima Trinidad;Nave;Representación del Padre, el Hijo y el Espíritu Santo. Dios Padre sostiene los dos brazos de la cruz en la que el Hijo está crucificado y el Espíritu Santo aparece representado, como es habitual, en forma de paloma. A ambos lados del Hijo aparecen la primera y la última letra del alfabeto griego, Alfa (Α) y Omega (Ω), en referencia a las palabras de Jesucristo: “Yo soy el Alfa y la Omega, el primero y el último, el principio y el fin”.// Las iniciales de la parte inferior de la vidriera son las del donante que financió su realización.;;;;
vitrall_ni1.jpg;Vitrall incomplet;Nau;Les inicials de la part inferior del vitrall són les del donant que en finançà la confecció.;Vidiriera incompleta;Nave;Las iniciales de la parte inferior de la vidriera son las del donante que financió su realización.;;;vitrall_ni1.jpg;
vitrall_ni2.jpg;Vitrall incomplet;Nau;Les inicials de la part inferior del vitrall són les del donant que en finançà la confecció.;Vidiriera incompleta;Nave;Las iniciales de la parte inferior de la vidriera son las del donante que financió su realización.;;;vitrall_ni2.jpg;
vitrall_ni3.jpg;Vitrall incomplet;Nau;Les inicials de la part inferior del vitrall són les del donant que en finançà la confecció.;Vidiriera incompleta;Nave;Las iniciales de la parte inferior de la vidriera son las del donante que financió su realización.;;;vitrall_ni3.jpg;
santa_barbara_presbiteri.jpg;Santa Bàrbara;Presbiteri;Santa Bàrbara de Nicomèdia (s. III) era la filla d’un home molt ric que la tancà en una torre per preservar-la del contacte amb el món fins que es casàs. Però ella, en secret, es va fer cristiana i consagrà la seva virginitat a Déu. En assabentar-se’n, son pare volgué matar-la, però miraculosament la torre s’obrí i pogué fugir. Finalment fou atrapada i torturada per ordre de son pare perquè renegàs de la fe cristiana i, com que no ho aconseguiren, el seu propi pare la decapità. Com a càstig diví, quan aquest tornava a casa seva, un llamp, precedit d’un gran tro, el matà. Per aquest motiu, santa Bàrbara és a qui invocam contra els trons i els llamps.// En aquesta escultura del segle XVIII, finançada pel batlle Guillem Mayol, l’acompanya un dels seus atributs més característics: la torre amb tres finestres on segons la tradició va ser tancada per son pare. El llamp clavat en terra ens recorda el que matà a son pare.;Santa Bárbara;Presbiterio;Santa Bárbara de Nicomedia (s. III) era hija de un hombre muy rico que la encerró en una torre para preservarla del contacto con el mundo hasta que se casara. Pero ella, en secreto, se hizo cristiana y consagró su virginidad a Dios. Al enterarse, su padre quiso matarla, pero milagrosamente la torre se abrió y pudo huir. Finalmente fue capturada y torturada por orden de su padre para que renegara de la fe cristiana y, como no lo consiguieron, su propio padre la decapitó. Como castigo divino, cuando este regresaba a su casa, un rayo, precedido de un gran trueno, lo mató. Por este motivo, santa Bárbara es la santa a la que se invoca contra los truenos y los rayos.// En esta escultura del siglo XVIII, financiada por el alcalde Guillem Mayol, la acompaña uno de sus atributos más característicos: la torre de tres ventanas donde, según la tradición, fue encerrada por su padre. El rayo clavado en el suelo recuerda el que mató a su padre.;;;;
sant_pere.jpg;Sant Pere;Presbiteri;Sant Pere (s. I) va ser un dels primers apòstols, el seu portaveu i el deixeble escollit per Jesús per liderar la comunitat cristiana després de la seva mort. El seu nom vertader era Simó, però Jesús l’anomenà Pere per indicar que ell seria la “pedra” sobre la qual s’edificaria l’Església. Tot i ser l’apòstol més destacat, després del Prendiment negà tres vegades conèixer Jesús abans que el gall cantàs anunciant l’alba. Penedit immediatament, plorà amargament, motiu pel qual també és considerat el primer penitent.// Després de la mort de Jesús, es convertí en el principal dirigent de la primera comunitat cristiana.Tradicionalment se’l considera el primer bisbe de Roma i, per tant, el primer papa. Segons la tradició cristiana primitiva, va morir crucificat a Roma durant la persecució de Neró contra els cristians després del gran incendi de la ciutat. Per humilitat, demanà ser crucificat cap per avall, ja que no es considerava digne de morir igual que Jesús.// Sant Pere apareix representat en aquesta escultura com un home madur amb barba. En una mà sosté un llibre obert, que representa l’Evangeli i fa referència a la seva tasca evangelitzadora. Amb l’altra mà sosté dues claus, el seu atribut característic, que fan referència a la promesa de Jesús de confiar-li les claus del Regne del Cel.;San Pedro;Presbiterio;San Pedro (s. I) fue uno de los primeros apóstoles, su portavoz y el discípulo escogido por Jesús para dirigir la comunidad cristiana después de su muerte. Su verdadero nombre era Simón, pero Jesús lo llamó Pedro para indicar que él sería la “piedra” sobre la que se edificaría la Iglesia. A pesar de ser el apóstol más destacado, después del Prendimiento negó tres veces conocer a Jesús antes de que el gallo cantara anunciando el alba. Arrepentido inmediatamente, lloró amargamente, motivo por el que también es considerado el primer penitente.// Después de la muerte de Jesús, se convirtió en el principal dirigente de la primera comunidad cristiana. Tradicionalmente se le considera el primer obispo de Roma y, por tanto, el primer papa. Según la tradición cristiana primitiva, murió crucificado en Roma durante la persecución de Nerón contra los cristianos tras el gran incendio de la ciudad. Por humildad, pidió ser crucificado cabeza abajo, ya que no se consideraba digno de morir del mismo modo que Jesús.// San Pedro aparece representado en esta escultura como un hombre maduro con barba. En una mano sostiene un libro abierto, que representa el Evangelio y hace referencia a su labor evangelizadora. Con la otra mano sostiene dos llaves, su atributo característico, que hacen referencia a la promesa de Jesús de confiarle las llaves del Reino de los Cielos.;;;;
sant_sebastia.jpg;Sant Sebastià;Presbiteri;Sant Sebastià (s. III) va ser un oficial de l’exèrcit romà que es convertí al cristianisme i predicà la nova fe entre els seus companys, aconseguint nombroses conversions. Quan l’emperador Dioclecià descobrí les seves activitats, ordenà la seva captura i intentà que es retractàs de la seva fe. Sant Sebastià es mantengué inflexible i Dioclecià ordenà la seva execució. Va ser fermat a un tronc i sagetat. Donat per mort, quan l’anaven a enterrar descobriren que encara era viu. Tan aviat com es recuperà de les ferides, anà a enfrontar-se novament a l’emperador, que tornà a ordenar capturar-lo i executar-lo, aquesta vegada a bastonades.// En aquesta escultura del s. XVIII se’l representa de la manera habitual: mig nu, fermat a un tronc i amb sagetes clavades al cos, en record del seu primer martiri. Del tronc penja una espasa i en terra hi ha un casc que fan referència a la seva condició de soldat romà.;San Sebastián;Presbiterio;San Sebastián (s. III) fue un oficial del ejército romano que se convirtió al cristianismo y predicó la nueva fe entre sus compañeros, logrando numerosas conversiones. Cuando el emperador Diocleciano descubrió sus actividades, ordenó su captura e intentó que renegara de su fe. San Sebastián se mantuvo inflexible y Diocleciano ordenó su ejecución. Fue atado a un tronco y asaeteado. Dado por muerto, cuando iban a enterrarlo descubrieron que todavía estaba vivo. Tan pronto como se recuperó de las heridas, fue de nuevo a enfrentarse al emperador, que volvió a ordenar su captura y ejecución, esta vez a golpes de vara.// En esta escultura del s. XVIII se le representa de la manera habitual: semidesnudo, atado a un tronco y con flechas clavadas en el cuerpo, en recuerdo de su primer martirio. Del tronco cuelga una espada y en el suelo hay un casco que hacen referencia a su condición de soldado romano.;;;;
ramon_llull_presbiteri.jpg;Ramon Llull;Presbiteri;El beat Ramon Llull (1232–1316) va ser un escriptor, filòsof, místic, teòleg i missioner mallorquí. Autor d’una obra extensíssima en català, llatí i àrab, és una de les figures més importants del pensament medieval europeu i un dels mallorquins més universals de la història. Fill de família cortesana, va ser preceptor del rei Jaume II, però quan tenia uns trenta anys, arran d’una sèrie de visions místiques, abandonà la vida cortesana i dedicà la resta de la seva vida a convertir els infidels a la fe cristiana per mitjà de la raó. Fundà el monestir de Miramar a Mallorca i predicà per Europa, el Pròxim Orient i el nord d’Àfrica.// En aquesta escultura, obra de Mateu Colom (s. XVIII), apareix vestit amb un hàbit semblant al franciscà, gris amb un cordó amb nussos a la cintura, com a recordatori de la seva identificació amb els valors franciscans, que el portaren a ser terciari franciscà, és a dir, a viure segons la regla franciscana sense ser-ne frare. Porta un llibre a la mà i té un pergamí als peus com a símbols de la seva faceta d’escriptor i evangelitzador.;Ramón Llull;Presbiterio;El beato Ramón Llull (1232–1316) fue un escritor, filósofo, místico, teólogo y misionero mallorquín. Autor de una extensísima obra en catalán, latín y árabe, es una de las figuras más importantes del pensamiento medieval europeo y uno de los mallorquines más universales de la historia. Hijo de una familia cortesana, fue preceptor del rey Jaime II, pero cuando tenía unos treinta años, a raíz de una serie de visiones místicas, abandonó la vida cortesana y dedicó el resto de su vida a convertir a los infieles a la fe cristiana por medio de la razón. Fundó el monasterio de Miramar en Mallorca y predicó por Europa, Oriente Próximo y el norte de África.// En esta escultura, obra de Mateu Colom (s. XVIII), aparece vestido con un hábito similar al franciscano, gris y ceñido con un cordón de nudos a la cintura, como recordatorio de su identificación con los valores franciscanos, que lo llevaron a ser terciario franciscano, es decir, a vivir según la regla franciscana sin ser fraile. Lleva un libro en la mano y tiene un pergamino a sus pies como símbolos de su faceta de escritor y evangelizador.;;;;
sant_antoni_abat_presbiteri.jpg;Sant Antoni Abat;Presbiteri;"Sant Antoni Abat (251–356) va ser un anacoreta egipci. També és conegut com sant Antoni de Viana, nom que deriva de Vienne, a França, on es fundà a l’edat mitjana baix el seu patronatge l’Orde dels Canonges Regulars de Sant Antoni, o antonians; a Mallorca és també popularment conegut com sant Antoni dels Ases. Fill d’una família rica, en morir els seus pares repartí tota la seva herència entre els pobres i es retirà a viure al desert. És famós per les seves lluites contra el diable i les seves temptacions. Va ser el fundador del moviment dels anacoretes i el pare espiritual del monaquisme cristià, d’aquí el qualificatiu d’abat, malgrat que no ho va ser de cap monestir.// En aquesta escultura, obra de Guillem Galmés (s. XX) se’l representa com un ancià amb un llibre a la mà on hi ha escrits els primers versos del Parenostre, símbol de la Paraula de Déu, i un bastó d’ermità del qual penja una campaneta. Aquesta campaneta fa referència a la seva relació amb els monjos antonians, que identificaven amb campanetes els porcs que criaven per obtenir el greix amb què curaven el “foc de sant Antoni”, una intoxicació alimentària provocada pel consum de sègol contaminat per un fong paràsit. El porquet que l’acompanya, un dels atributs característics de sant Antoni Abat, no només rememora aquests porcs, sinó que també fa referència a la llegenda segons la qual una truja li dugué un porcellet malalt; quan sant Antoni el beneí el porcellet se curà i des de llavors la truja sempre l'acompanyà. El símbol al pit és la lletra greca Tau majúscula, signe de salvació i protecció divina per als primers cristians i que els monjos antonians portaven cosida en els seus hàbits.";San Antonio Abad;Presbiterio;"San Antonio Abad (251–356) fue un anacoreta egipcio. También se le conoce como san Antonio de Viana, nombre que deriva de Vienne, en Francia, donde se fundó en la Edad Media bajo su patrocinio la Orden de los Canónigos Regulares de San Antonio, o antonianos; en Mallorca también es conocido popularmente como san Antonio de los Asnos. Hijo de una familia rica, al morir sus padres repartió toda su herencia entre los pobres y se retiró a vivir al desierto. Es famoso por sus luchas contra el diablo y sus tentaciones. Fue el fundador del movimiento de los anacoretas y el padre espiritual del monacato cristiano, de ahí el calificativo de abad, aunque nunca lo fue de ningún monasterio.// En esta escultura, obra de Guillem Galmés (s. XX), se le representa como un anciano con un libro en la mano en el que están escritos los primeros versos del Padrenuestro, símbolo de la Palabra de Dios, y un bastón de ermitaño del que cuelga una campanilla. Esta campanilla hace referencia a su relación con los monjes antonianos, que identificaban con campanillas a los cerdos que criaban para obtener la grasa con la que curaban el “fuego de san Antonio”, una intoxicación alimentaria provocada por el consumo de centeno contaminado por un hongo parásito. El cerdito que lo acompaña, uno de los atributos característicos de san Antonio Abad, no solo rememora estos cerdos, sino que también hace referencia a la leyenda según la cual una cerda le llevó un lechón enfermo; cuando san Antonio lo bendijo, el lechón sanó y desde entonces la cerda lo acompañó siempre. El símbolo del pecho es la letra griega Tau mayúscula, signo de salvación y protección divina para los primeros cristianos y que los monjes antonianos llevaban cosida en sus hábitos.";;;;
purissima_presbiteri.jpg;Puríssima;Presbiteri ;La Immaculada Concepció és el dogma de l’Església Catòlica que afirma que la Verge Maria va ser concebuda sense pecat original per la gràcia de Déu, cosa que la preparà per ser la Mare de Déu. Aquest dogma fou proclamat l’any 1854 pel papa Pius IX, després de molts segles de debat teològic. A Mallorca, aquesta advocació de la Verge Maria també és coneguda com la Puríssima.// En aquesta pintura, inspirada en els models popularitzats per Murillo, la representa vestida amb túnica blanca i mantell blau, símbols de puresa i celestialitat, respectivament, i amb les mans juntes en actitud de pregària. L’aureola de dotze estrelles que la corona i la lluna darrera dels seus peus fan referència al llibre de l’Apocalipsi, on s’anuncia l’aparició d’una dona vestida amb el sol, amb la lluna sota els peus i una corona de dotze estrelles al cap. La seva representació trepitjant una serp amb una poma a la boca sobre el globus terraqüi simbolitza la seva victòria sobre el pecat original i el mal que amenacen la Terra.;Purísima;Presbiterio;La Inmaculada Concepción es el dogma de la Iglesia Católica que afirma que la Virgen María fue concebida sin pecado original por la gracia de Dios, lo que la preparó para ser la Madre de Dios. Este dogma fue proclamado en el año 1854 por el papa Pío IX, después de muchos siglos de debate teológico. En Mallorca, esta advocación de la Virgen María también es conocida como la Purísima.// En esta pintura, inspirada en los modelos popularizados por Murillo, se la representa vestida con túnica blanca y manto azul, símbolos de pureza y celestialidad, respectivamente, y con las manos juntas en actitud de oración. La aureola de doce estrellas que la corona y la luna situada detrás de sus pies hacen referencia al libro del Apocalipsis, donde se anuncia la aparición de una mujer vestida de sol, con la luna bajo sus pies y una corona de doce estrellas sobre la cabeza. Su representación pisando una serpiente con una manzana en la boca sobre el globo terráqueo simboliza su victoria sobre el pecado original y el mal que amenazan la Tierra.;;;;
sant_joan_baptista_presbiteri.jpg;Sant Joan Baptista;Presbiteri;"Sant Joan Baptista (s. I) va ser fill d’Isabel, cosina de la Verge Maria, i de Zacaries, a qui l’arcàngel sant Gabriel anuncià el naixement de Joan i revelà que seria el precursor del Messies. Ja d’adult, Joan dugué una vida ascètica al desert, dedicada a predicar el penediment dels pecats i a batejar en el riu Jordà a qui volgués purificar-se dels pecats en preparació per a l’arribada del Regne del Cel. Va ser en aquest context que batejà Jesucrist poc abans que aquest començàs la seva vida pública.// En aquesta escultura, sant Joan hi apareix acompanyat d'un xotet i sostenint amb una mà la copinya que emprava per batejar al Jordà i, amb l’altra, una creu llarga feta de canya amb una banderola on es llegeix “*Ecce Agnus Dei*”. La creu ens recorda que sant Joan coneixia el futur martiri de Jesús, mentre que la canya amb què és feta simbolitza l’austeritat de la seva vida al desert. El xotet i el text de la banderola fan referència a les seves paraules en el moment de batejar Jesús: ""Aquest és l'anyell de Déu, el qui lleva el pecat del món"".";San Juan Bautista;Presbiterio;San Juan Bautista (s. I) fue hijo de Isabel, prima de la Virgen María, y de Zacarías, a quien el arcángel san Gabriel anunció el nacimiento de Juan y reveló que sería el precursor del Mesías. Ya de adulto, Juan llevó una vida ascética en el desierto, dedicada a predicar el arrepentimiento de los pecados y a bautizar en el río Jordán a quien quisiera purificarse de sus pecados en preparación para la llegada del Reino de los Cielos. Fue en este contexto que bautizó a Jesucristo poco antes de que este iniciara su vida pública.// En esta escultura, san Juan aparece acompañado de un cordero y sosteniendo con una mano la concha que utilizaba para bautizar en el Jordán y, con la otra, una larga cruz de caña con una banderola en la que se lee “*Ecce Agnus Dei*”. La cruz nos recuerda que san Juan conocía el futuro martirio de Jesús, mientras que la caña con la que está hecha simboliza la austeridad de su vida en el desierto. El cordero y el texto de la banderola hacen referencia a sus palabras en el momento de bautizar a Jesús: “Este es el Cordero de Dios, el que quita el pecado del mundo”.;;;;
sant_jaume.jpg;Sant Jaume el Major;Presbiteri;Sant Jaume el Major (s. I) va ser un dels dotze apòstols i germà de sant Joan l’Evangelista. Formà part del grup de deixebles més proper a Jesús, i després de la seva mort predicà per Samària, Judea i, segons la tradició, per la península Ibèrica. Va ser el primer apòstol a morir martiritzat, manat decapitar per Herodes Agripa II per tal d’acontentar els jueus. Segons la llegenda, les seves despulles varen ser traslladades a Galícia per sis deixebles i descansen a Santiago de Compostel·la.// En aquesta escultura se’l representa amb indumentària i bastó de pelegrí, inclosa la carabassa per portar aigua a mode de cantimplora, per recordar el seu paper com a viatger evangelitzador, i algunes vieires, símbol de les peregrinacions a Santiago.;Santiago el Mayor;Presbiterio;Santiago el Mayor (s. I) fue uno de los doce apóstoles y hermano de san Juan Evangelista. Formó parte del grupo de discípulos más cercano a Jesús y, después de su muerte, predicó por Samaria, Judea y, según la tradición, por la península ibérica. Fue el primer apóstol en morir martirizado, mandado decapitar por Herodes Agripa II para contentar a los judíos. Según la leyenda, sus restos fueron trasladados a Galicia por seis discípulos y descansan en Santiago de Compostela.// En esta escultura se le representa con indumentaria y bastón de peregrino, incluida la calabaza para llevar agua a modo de cantimplora, para recordar su papel como viajero evangelizador, y varias vieiras, símbolo de las peregrinaciones a Santiago.;;;;
sant_marti.jpg;Sant Martí;Presbiteri;Sant Martí (316-397) va ser bisbe de Tours i un dels sants amb més devoció durant l'edat mitjana. Des dels 15 anys serví a l'exercit romà. Segons la llegenda, un dia es compadí d'un captaire que tremolava de fred, xapà la seva capa militar i n'hi donà la meitat. Aquella nit se li aparegué Jesús en somnis portant la mitja capa del captaire i dient als àngels que Martí l'havia vestit. En despertar, la capa tornava a ser sencera. Arran d'aquesta visió decidí rebre el baptisme i poc després deixà l’exèrcit i es dedicà a predicar per les zones rurals de França. Va ser elegit bisbe de Tours per aclamació popular, però després d'aquest nomenament no s'apoltronà, sinó que continuà amb la seva activitat evangelitzadora. Se li atribuiren molts miracles, per la qual cosa va ser un dels sants més populars de l'edat mitjana, com testimonia la gran quantitat de llocs que duen el seu nom, entre ells l’alqueria de Sant Martí, on es fundà Vilafranca de Bonany.//Aquesta escultura representa l'aparició en somnis de Jesús a sant Martí. El sant hi apareix agenollat davant Jesucrist, vestit de soldat romà, amb armadura, espasa i la meitat de la capa vermella que compartí amb el captaire. Jesús hi apareix radiant, rodejat d'angelets, i sostenint una creu i l'altra meitat de la capa. Completen el conjunt una mitra i un bàcul dipositats en terra, atributs propis de sant Martí com a bisbe de Tours. Aquests elements sobreviuen d'una escultura anterior de sant Martí a cavall que coronava aquest retaule i que s'ha perdut.;San Martín;Presbiterio;San Martín (316-397) fue obispo de Tours y uno de los santos de mayor devoción durante la Edad Media. Desde los quince años sirvió en el ejército romano. Según la leyenda, un día se compadeció de un mendigo que temblaba de frío, partió su capa militar y le dio la mitad. Aquella noche se le apareció Jesús en sueños llevando la media capa del mendigo y diciendo a los ángeles que Martín lo había vestido. Al despertar, la capa volvía a estar entera. A raíz de esta visión decidió recibir el bautismo y poco después abandonó el ejército para dedicarse a predicar por las zonas rurales de Francia. Fue elegido obispo de Tours por aclamación popular, pero tras este nombramiento no se acomodó, sino que continuó con su actividad evangelizadora. Se le atribuyeron numerosos milagros, por lo que fue uno de los santos más populares de la Edad Media, como demuestra la gran cantidad de lugares que llevan su nombre, entre ellos la alquería de Sant Martí, donde se fundó Vilafranca de Bonany.// Esta escultura representa la aparición en sueños de Jesús a san Martín. El santo aparece arrodillado ante Jesucristo, vestido de soldado romano, con armadura, espada y la mitad de la capa roja que compartió con el mendigo. Jesús aparece radiante, rodeado de angelitos, sosteniendo una cruz y la otra mitad de la capa. Completan el conjunto una mitra y un báculo depositados en el suelo, atributos propios de san Martín como obispo de Tours. Estos elementos proceden de una escultura anterior de san Martín a caballo que coronaba este retablo y que se ha perdido.;;;;
sagrari.jpg;Sagrari;Presbiteri;El sagrari monumental és obra de Mateu Colom, com la resta del retaule major (s. XVIII). Està decorat amb el Sagrat Cor de Jesús (coronat amb una creu i rodejat d’espines) i l’Immaculat Cor de Maria (coronat amb un lliri i travessat per una espasa). El sagrari ordinari és la porteta de baix, decorada amb una custòdia. ;Sagrario;Presbiterio;El sagrario monumental es obra de Mateu Colom, al igual que el resto del retablo mayor (s. XVIII). Está decorado con el Sagrado Corazón de Jesús (coronado por una cruz y rodeado de espinas) y el Inmaculado Corazón de María (coronado por un lirio y atravesado por una espada). El sagrario ordinario es la portezuela inferior, decorada con una custodia.;;;;
carme_presbiteri.jpeg;Mare de Déu del Carme;Presbiteri ;"La Mare de Déu del Carme és una de les advocacions de la Verge Maria més antigues i populars. El seu nom prové del Mont Carmel (situat a prop de Haifa, Israel), on un grup d'ermitans fundaren en el segle XII una comunitat religiosa i dedicaren la seva església a la Mare de Déu. D'aquella comunitat va sorgir l'Orde dels Frares de la Santíssima Verge Maria del Mont Carmel, també coneguda com a Orde del Carme, els membres de la qual estengueren per Europa el culte a la seva patrona.// En aquesta escultura, la Mare de Déu del Carme hi apareix vestida amb un hàbit que recorda el carmelita, format per túnica marró i mantell clar. Al pit hi porta l'escut de l'Orde del Carme, format per un puig coronat amb una creu que representa el mont Carmel; tres estrelles de sis puntes, interpretades sovint com una referència a la Verge Maria, la central, i als profetes Elies i Eliseu, les laterals, i una corona, que simbolitza el Regne de Déu. Sosté amb la mà esquerra el Nin Jesús, mentre que amb la dreta fa el gest de sostenir un escapulari, el qual segurament s'ha perdut. El Nin Jesús fa gestos semblants amb les seves mans. Els escapularis juguen un paper molt important en la devoció a la Verge del Carme. Segons la tradició, en una aparició a sant Simó Stock la Verge li oferí un escapulari i li prometé que aquells que el portassin en morir se salvarien del foc etern, i en una aparició posterior al futur papa Joan XXII li prometé que cada dissabte acudiria al purgatori a rescatar les ànimes dels qui haguessin mort portant l’escapulari.";Virgen del Carmen;Presbiterio;"La Virgen del Carmen es una de las advocaciones de la Virgen María más antiguas y populares. Su nombre procede del monte Carmelo (situado cerca de Haifa, Israel), donde un grupo de ermitaños fundó en el siglo XII una comunidad religiosa y dedicó su iglesia a la Virgen María. De aquella comunidad surgió la Orden de los Hermanos de la Bienaventurada Virgen María del Monte Carmelo, también conocida como Orden del Carmen, cuyos miembros extendieron por Europa el culto a su patrona.// En esta escultura, la Virgen del Carmen aparece vestida con un hábito que recuerda al carmelita, formado por túnica marrón y manto claro. Sobre el pecho lleva el escudo de la Orden del Carmen, formado por un monte coronado por una cruz que representa el monte Carmelo; tres estrellas de seis puntas, interpretadas a menudo como una referencia a la Virgen María, la central, y a los profetas Elías y Eliseo, las laterales; y una corona, que simboliza el Reino de Dios. Sostiene con la mano izquierda al Niño Jesús, mientras que con la derecha hace el gesto de sostener un escapulario, que probablemente se ha perdido. El Niño Jesús hace gestos semejantes con sus manos. Los escapularios desempeñan un papel muy importante en la devoción a la Virgen del Carmen. Según la tradición, en una aparición a san Simón Stock la Virgen le ofreció un escapulario y le prometió que quienes lo llevaran al morir se salvarían del fuego eterno, y en una aparición posterior al futuro papa Juan XXII le prometió que cada sábado acudiría al purgatorio para rescatar las almas de quienes hubieran muerto llevando el escapulario.";;;;